cik,gics_sector,year,E_score,G_score
0000001800,Health Care,2015,0.057555555555555554,0.16518518518518518
0000001800,Health Care,2016,0.0583666745116498,0.14102141680395386
0000001800,Health Care,2017,0.05311113515853262,0.1813440103884861
0000001800,Health Care,2018,0.057062243502051975,0.14913360693114455
0000001800,Health Care,2019,0.06030819519028718,0.16026149894933459
0000001800,Health Care,2020,0.062174695350357065,0.1786495791889824
0000001800,Health Care,2021,0.050297566344625164,0.16337131492054094
0000001800,Health Care,2022,0.06451457756221272,0.19250155392172486
0000001800,Health Care,2023,0.06525330312391023,0.19892987658295108
0000001800,Health Care,2024,0.06550706544847015,0.21731395069182474
0000001800,Health Care,2025,,
0000002488,Information Technology,2015,0.06880206919945725,0.11584488600346811
0000002488,Information Technology,2016,0.07418915692910227,0.13059397495972916
0000002488,Information Technology,2017,0.07471744737157894,0.1428840662678922
0000002488,Information Technology,2018,0.06526411317707782,0.14618751093492263
0000002488,Information Technology,2019,0.08483875382470915,0.15621591268562962
0000002488,Information Technology,2020,0.08235225972607607,0.15475062566782777
0000002488,Information Technology,2021,0.06810445066564078,0.14647665155631703
0000002488,Information Technology,2022,0.08111810217977183,0.18264293886905508
0000002488,Information Technology,2023,0.07999010062157275,0.18693519806483935
0000002488,Information Technology,2024,0.13045643832827397,0.20736484335463407
0000002488,Information Technology,2025,,
0000002969,Materials,2015,0.2314074393734911,0.3248188327097414
0000002969,Materials,2016,0.24080182319116383,0.37452874491934524
0000002969,Materials,2017,0.24368515271832866,0.3377781453494446
0000002969,Materials,2018,0.24447161501864473,0.28260247453316767
0000002969,Materials,2019,0.2790643892794028,0.2788854226382897
0000002969,Materials,2020,0.32875099829417365,0.25319612899720306
0000002969,Materials,2021,0.266825124210268,0.22745788096260405
0000002969,Materials,2022,0.3731828374433194,0.2685642265899104
0000002969,Materials,2023,0.4393599496243941,0.28513809413237934
0000002969,Materials,2024,0.39181181642758994,0.34367513805708955
0000004127,Information Technology,2015,0.09637128852690292,0.166435257610963
0000004127,Information Technology,2016,0.09436365895631707,0.1690576869490845
0000004127,Information Technology,2017,0.08681019012061865,0.16925197111823417
0000004127,Information Technology,2018,0.0857811202878909,0.1538510361904619
0000004127,Information Technology,2019,0.08284340835487912,0.14612581645286923
0000004127,Information Technology,2020,0.05701268053437023,0.1425519762123346
0000004127,Information Technology,2021,0.06705677737522883,0.12281163422077034
0000004127,Information Technology,2022,0.08373459274427776,0.14529760522651647
0000004127,Information Technology,2023,0.11187253240936058,0.15239983395699377
0000004127,Information Technology,2024,0.11044568614524099,0.16054473447720957
0000004281,Industrials,2021,0.05005901099718655,0.19087689315435385
0000004281,Industrials,2022,0.07661839460465383,0.25429224007041046
0000004281,Industrials,2023,0.11851889636532727,0.26255346737695295
0000004281,Industrials,2024,0.12877396131350216,0.3020540974360215
0000004281,Industrials,2025,,
0000004904,Utilities,2015,0.33659371269670985,0.09612259483155194
0000004904,Utilities,2016,0.3246826707821343,0.10762457206353084
0000004904,Utilities,2017,0.33995644031574807,0.09711763213824982
0000004904,Utilities,2018,0.3575760185425963,0.08510924611920535
0000004904,Utilities,2019,0.411211645539628,0.09106351146440027
0000004904,Utilities,2020,0.39669185764536036,0.09461192683416375
0000004904,Utilities,2021,0.3529455579623286,0.10699551716349492
0000004904,Utilities,2022,0.42466435801968166,0.13484017760505398
0000004904,Utilities,2023,0.4648381996567734,0.15962377030864464
0000004904,Utilities,2024,0.3954384576448694,0.16408895423971578
0000004904,Utilities,2025,,
0000004962,Financials,2015,0.003523418491465671,0.244705559662687
0000004962,Financials,2016,0.0024727677288269227,0.2602681869282816
0000004962,Financials,2017,0.0025147992014204045,0.29856538770437924
0000004962,Financials,2018,0.002708585615172062,0.28176724561814237
0000004962,Financials,2019,0.0030530204731398242,0.281031455369276
0000004962,Financials,2020,0.0038876429692756226,0.29446200082892926
0000004962,Financials,2021,0.004526504683630621,0.28608717654236804
0000004962,Financials,2022,0.030779590005605272,0.34265361983379616
0000004962,Financials,2023,0.0366477957146612,0.36726178653943575
0000004962,Financials,2024,0.035943732752518325,0.3662890432174777
0000004962,Financials,2025,,
0000004977,Financials,2015,0.003130012408689895,0.13869492239415965
0000004977,Financials,2016,0.0030121340515887455,0.12081230239521186
0000004977,Financials,2017,0.0034415884353303436,0.09961958825289523
0000004977,Financials,2018,0.0029411579162182916,0.09094791927752027
0000004977,Financials,2019,0.0030561070677329687,0.1330135351616153
0000004977,Financials,2020,0.004198771052986218,0.11445136696098826
0000004977,Financials,2021,0.008314180680112587,0.11979853577942133
0000004977,Financials,2022,0.010555562571299,0.13905720180076003
0000004977,Financials,2023,0.010797696674664684,0.1544288567548805
0000004977,Financials,2024,0.011321057190182796,0.17600042085359785
0000004977,Financials,2025,,
0000005272,Financials,2015,0.026253974968751856,0.11763827494646656
0000005272,Financials,2016,0.025347263008735518,0.12320544371091147
0000005272,Financials,2017,0.018866751555212953,0.13450225388107126
0000005272,Financials,2018,0.014780945477973744,0.17283612283032262
0000005272,Financials,2019,0.014472652071596662,0.20187985972081784
0000005272,Financials,2020,0.021091373646429008,0.19776592420634967
0000005272,Financials,2021,0.01763416834958965,0.19347176962967155
0000005272,Financials,2022,0.05949537702943811,0.24278475224751064
0000005272,Financials,2023,0.07533696556622127,0.27263610076325645
0000005272,Financials,2024,0.08346347659073541,0.27861482513655506
0000005272,Financials,2025,,
0000006281,Information Technology,2015,0.07554037312279777,0.15005528063459467
0000006281,Information Technology,2016,0.07816964206270186,0.12596838725004234
0000006281,Information Technology,2017,0.08378373992646948,0.15505762484191574
0000006281,Information Technology,2018,0.10640304949094276,0.15121143030897544
0000006281,Information Technology,2019,0.1235752602231692,0.1566095325805963
0000006281,Information Technology,2020,0.12266416655025031,0.1486174407935898
0000006281,Information Technology,2021,0.11650226055523905,0.1653187549195835
0000006281,Information Technology,2022,0.17016085413635348,0.27797499532473696
0000006281,Information Technology,2023,0.17397561364221062,0.26533269406179105
0000006281,Information Technology,2024,0.15978772905674432,0.2625986311746143
0000006951,Information Technology,2015,0.20752759968190906,0.12128679029271204
0000006951,Information Technology,2016,0.08063559808725185,0.11544689884791474
0000006951,Information Technology,2017,0.0769616755851942,0.13499940708810568
0000006951,Information Technology,2018,0.07543176772090182,0.1334607244444387
0000006951,Information Technology,2019,0.0835315661920939,0.1299913405083407
0000006951,Information Technology,2020,0.0628720014453071,0.16382408799631984
0000006951,Information Technology,2021,0.06173254928477658,0.1703349570261907
0000006951,Information Technology,2022,0.09431542026124996,0.22768113309613333
0000006951,Information Technology,2023,0.09905020790569583,0.250287413276388
0000006951,Information Technology,2024,0.07815749083405141,0.29339056577925937
0000007084,Consumer Staples,2015,0.15517342337602333,0.18871299740910283
0000007084,Consumer Staples,2016,0.15836514537465665,0.201495509061285
0000007084,Consumer Staples,2017,0.12858019105629376,0.2552746746516181
0000007084,Consumer Staples,2018,0.12427187617128742,0.28123295137428334
0000007084,Consumer Staples,2019,0.1374279943090647,0.31645728497655046
0000007084,Consumer Staples,2020,0.12109148718873325,0.2988163174769615
0000007084,Consumer Staples,2021,0.16864144939546855,0.2602099030684623
0000007084,Consumer Staples,2022,0.33687335636959526,0.3564614757794444
0000007084,Consumer Staples,2023,0.3398998969135577,0.3586793823053413
0000007084,Consumer Staples,2024,0.34892614356385687,0.46279246472686886
0000007084,Consumer Staples,2025,,
0000008670,Industrials,2015,0.0,0.3159482927159695
0000008670,Industrials,2016,0.0,0.33508992092393486
0000008670,Industrials,2017,0.0,0.3515865093149588
0000008670,Industrials,2018,0.0,0.40910257564601293
0000008670,Industrials,2019,0.0,0.3765082606903534
0000008670,Industrials,2020,0.0,0.3576826888748359
0000008670,Industrials,2021,0.0029526029526029526,0.3490470100272664
0000008670,Industrials,2022,0.0035935171385991058,0.392277209496531
0000008670,Industrials,2023,0.026013623094388583,0.35616384249625344
0000008670,Industrials,2024,0.02184214559386973,0.3747886981619322
0000008670,Industrials,2025,,
0000008818,Materials,2015,0.08577526330321632,0.2573215875116004
0000008818,Materials,2016,0.08198183517587977,0.2160641770372108
0000008818,Materials,2017,0.09770199602854102,0.25203194874324464
0000008818,Materials,2018,0.0919740015855343,0.246107587881793
0000008818,Materials,2019,0.10800294538371805,0.23077197557126192
0000008818,Materials,2020,0.13814054441666843,0.2587722267277431
0000008818,Materials,2021,0.11347677326019547,0.18554525906572963
0000008818,Materials,2022,0.15056655703890448,0.22209826772856625
0000008818,Materials,2023,0.16587730505795575,0.22065364857744996
0000008818,Materials,2024,0.19068540102885054,0.25628807355890854
0000008818,Materials,2025,,
0000009389,Materials,2023,0.21987468040415553,0.326830552109345
0000009389,Materials,2024,0.22262353777985633,0.3410871924110831
0000009389,Materials,2025,,
0000010456,Health Care,2015,0.019274418604651164,0.21820571204407263
0000010456,Health Care,2016,0.018618618618618618,0.1935135983560902
0000010456,Health Care,2017,0.02006131207847946,0.2015482110584072
0000010456,Health Care,2018,0.02698318314256769,0.22139016585265145
0000010456,Health Care,2019,0.030057701953178154,0.22532994685010005
0000010456,Health Care,2020,0.04143882637570733,0.31775856064244656
0000010456,Health Care,2021,0.03885878476625808,0.20241048265959302
0000010456,Health Care,2022,0.06470953268038294,0.18874962252885671
0000010456,Health Care,2023,0.055641534877354064,0.17913961749905807
0000010456,Health Care,2024,0.056086663084303226,0.2183718129451154
0000010456,Health Care,2025,,
0000010795,Health Care,2015,0.014140127388535031,0.22295107092843913
0000010795,Health Care,2016,0.023525585429314832,0.2345610899961221
0000010795,Health Care,2017,0.014470558503917107,0.21158346600309666
0000010795,Health Care,2018,0.020098950266735503,0.21300048337380204
0000010795,Health Care,2019,0.033849308714362834,0.2345507998653504
0000010795,Health Care,2020,0.03428400148307813,0.2134879883304002
0000010795,Health Care,2021,0.07751158013327122,0.1954511651892828
0000010795,Health Care,2022,0.12185320112495307,0.23529746708022242
0000010795,Health Care,2023,0.14562070445984693,0.27405407822179345
0000010795,Health Care,2024,0.1587525373235796,0.2722040095340003
0000011544,Financials,2015,0.02616613591090358,0.11544327071355935
0000011544,Financials,2016,0.02496347561754422,0.10743827409611117
0000011544,Financials,2017,0.02326858707858247,0.10830208997046513
0000011544,Financials,2018,0.025419917764250812,0.11736287890390872
0000011544,Financials,2019,0.0280802947780653,0.13951275232976168
0000011544,Financials,2020,0.025927037326392295,0.13485410606018966
0000011544,Financials,2021,0.028157275282235928,0.14923803595505264
0000011544,Financials,2022,0.0601459710413244,0.19907789106668478
0000011544,Financials,2023,0.0652715813193924,0.21415946896854818
0000011544,Financials,2024,0.07185905822458664,0.22264341446897656
0000011544,Financials,2025,,
0000012927,Industrials,2015,0.12975244329706803,0.2741654812395177
0000012927,Industrials,2016,0.1306910193984584,0.26536007092202746
0000012927,Industrials,2017,0.13217368612541336,0.2856341854301137
0000012927,Industrials,2018,0.1381606827594554,0.2881058781968515
0000012927,Industrials,2019,0.16434995514976136,0.27712720646493477
0000012927,Industrials,2020,0.14715546827986392,0.2876683066733176
0000012927,Industrials,2021,0.09827730452859446,0.225213569617338
0000012927,Industrials,2022,0.1797685197270865,0.26814972340753024
0000012927,Industrials,2023,0.17992254181212342,0.312519582083714
0000012927,Industrials,2024,0.18126849792485872,0.3420913197261581
0000012927,Industrials,2025,,
0000014272,Health Care,2015,0.0198572990600608,0.16430738566593933
0000014272,Health Care,2016,0.02097159843582008,0.18894592504227162
0000014272,Health Care,2017,0.023739133524777852,0.25457884427032323
0000014272,Health Care,2018,0.024678240181461576,0.24797916929492586
0000014272,Health Care,2019,0.02827648535576473,0.2108503279036798
0000014272,Health Care,2020,0.023269500507036096,0.2011564783854732
0000014272,Health Care,2021,0.017847988119140103,0.18159538076638151
0000014272,Health Care,2022,0.023876146057092738,0.23705524560361965
0000014272,Health Care,2023,0.023466545308689392,0.22041332599552377
0000014272,Health Care,2024,0.04608514225198605,0.22547599319155387
0000014272,Health Care,2025,,
0000014693,Consumer Staples,2015,0.07736693515035742,0.3890587841430513
0000014693,Consumer Staples,2016,0.07155090290322277,0.34903100627546696
0000014693,Consumer Staples,2017,0.0715340540553688,0.3289447212034611
0000014693,Consumer Staples,2018,0.07210708587662766,0.3405089812367651
0000014693,Consumer Staples,2019,0.07889621310369291,0.3313245912718883
0000014693,Consumer Staples,2020,0.058147940258163215,0.3391654530954515
0000014693,Consumer Staples,2021,0.06085864522840152,0.3130974354770389
0000014693,Consumer Staples,2022,0.07775349162729901,0.38973762743330775
0000014693,Consumer Staples,2023,0.08264917724145192,0.3499845945661396
0000014693,Consumer Staples,2024,0.08780917667196764,0.35800122300227705
0000014693,Consumer Staples,2025,,
0000016732,Consumer Staples,2015,0.13371430307203172,0.12338963028965255
0000016732,Consumer Staples,2016,0.12227079422665238,0.10101954979313223
0000016732,Consumer Staples,2017,0.13365101702519486,0.11240814284822061
0000016732,Consumer Staples,2018,0.1107708796139737,0.08594727658706125
0000016732,Consumer Staples,2019,0.11025675181586725,0.07550424543464276
0000016732,Consumer Staples,2020,0.1127288860444806,0.08415435587244523
0000016732,Consumer Staples,2021,0.11938865188259862,0.15981719652421833
0000016732,Consumer Staples,2022,0.18279962117253096,0.1992739450723461
0000016732,Consumer Staples,2023,0.22142941082915105,0.19222218049763198
0000016732,Consumer Staples,2024,0.2544130690953995,0.19645190623373315
0000016732,Consumer Staples,2025,,
0000016918,Consumer Staples,2015,0.06541904669681814,0.27182615811678573
0000016918,Consumer Staples,2016,0.06512349350929228,0.23255148220541264
0000016918,Consumer Staples,2017,0.07642829013845095,0.26146177885745564
0000016918,Consumer Staples,2018,0.09331683958100162,0.25582088655829455
0000016918,Consumer Staples,2019,0.09112601532805716,0.33132510581536095
0000016918,Consumer Staples,2020,0.07324616943161204,0.3310267062018232
0000016918,Consumer Staples,2021,0.056878013727149394,0.25902556715154934
0000016918,Consumer Staples,2022,0.09761146825764822,0.3332335400763359
0000016918,Consumer Staples,2023,0.10455437285806217,0.3378758680959185
0000016918,Consumer Staples,2024,0.12646398714791066,0.33794794580044946
0000016918,Consumer Staples,2025,,
0000018230,Industrials,2015,0.0965436429609843,0.21856484350332378
0000018230,Industrials,2016,0.09716873118467594,0.20787223581430783
0000018230,Industrials,2017,0.09929535266562528,0.22123192849128476
0000018230,Industrials,2018,0.10112661190446876,0.19471468725228583
0000018230,Industrials,2019,0.10318061445885801,0.2017527874827114
0000018230,Industrials,2020,0.09549301687418087,0.19215387823185986
0000018230,Industrials,2021,0.0756937477676758,0.17157066447158434
0000018230,Industrials,2022,0.09288855849458547,0.21410389264561105
0000018230,Industrials,2023,0.10570131024640461,0.21923820001912064
0000018230,Industrials,2024,0.11283569307209171,0.2310270698590939
0000018230,Industrials,2025,,
0000019617,Financials,2015,0.0,0.15256556442417332
0000019617,Financials,2016,0.0,0.19543378995433788
0000019617,Financials,2017,0.0,0.2726138944050544
0000019617,Financials,2018,0.0,0.3080764935790062
0000019617,Financials,2019,0.0,0.14598400763814298
0000019617,Financials,2020,0.0,0.3399106237560554
0000019617,Financials,2021,0.019400127632418634,0.30294211494425466
0000019617,Financials,2022,0.023814814814814813,0.4585537918871252
0000019617,Financials,2023,0.024968866749688668,0.4962886394808098
0000019617,Financials,2024,0.02444177671068427,0.46210937116970474
0000019617,Financials,2025,,
0000020286,Financials,2015,0.03289115546756818,0.10373923474856524
0000020286,Financials,2016,0.03623679024749589,0.10989216937827632
0000020286,Financials,2017,0.037694438117541314,0.12003605668296384
0000020286,Financials,2018,0.037730255797299515,0.11135159351615886
0000020286,Financials,2019,0.03601817045435753,0.10771873885917219
0000020286,Financials,2020,0.03585913040027753,0.11801497776560119
0000020286,Financials,2021,0.028972243514048285,0.11775783719426135
0000020286,Financials,2022,0.03881265789482779,0.15031318327492738
0000020286,Financials,2023,0.054615512960820414,0.15707799752468996
0000020286,Financials,2024,0.06606516589630915,0.15527667526203434
0000020286,Financials,2025,,
0000021076,Consumer Staples,2015,0.09384504846821257,0.27466653568960026
0000021076,Consumer Staples,2016,0.06921128898210195,0.2614955770009012
0000021076,Consumer Staples,2017,0.09237214134447677,0.25499146894345504
0000021076,Consumer Staples,2018,0.0793194227645438,0.2609299485765056
0000021076,Consumer Staples,2019,0.11732877923654345,0.2759177561358509
0000021076,Consumer Staples,2020,0.10294883508451348,0.23065326633165828
0000021076,Consumer Staples,2021,0.0922666019181741,0.1964550200315649
0000021076,Consumer Staples,2022,0.13389084802686818,0.24493702770780856
0000021076,Consumer Staples,2023,0.1372363105924596,0.25465664272890487
0000021076,Consumer Staples,2024,0.17813747470880956,0.36379942035325646
0000021076,Consumer Staples,2025,,
0000021344,Consumer Staples,2015,0.05937793388481185,0.07694977481408864
0000021344,Consumer Staples,2016,0.05711009736635463,0.08614257901342695
0000021344,Consumer Staples,2017,0.065301041784959,0.10104425877527597
0000021344,Consumer Staples,2018,0.07362159628516905,0.09910254710405765
0000021344,Consumer Staples,2019,0.07673744344153448,0.13708096939314993
0000021344,Consumer Staples,2020,0.12135704301664504,0.1474104825672854
0000021344,Consumer Staples,2021,0.09496269790272759,0.14682123275716347
0000021344,Consumer Staples,2022,0.13365988387925368,0.20116455653181312
0000021344,Consumer Staples,2023,0.15112466787478912,0.19122918287883994
0000021344,Consumer Staples,2024,0.1583746888365256,0.1953012099365485
0000021344,Consumer Staples,2025,,
0000021665,Consumer Staples,2015,0.059223482076905934,0.22452968291563674
0000021665,Consumer Staples,2016,0.06918392490896004,0.21872721934456904
0000021665,Consumer Staples,2017,0.06686666998622383,0.23517340536772394
0000021665,Consumer Staples,2018,0.06004194226130262,0.22450262543277721
0000021665,Consumer Staples,2019,0.10438528941378503,0.22271937373452177
0000021665,Consumer Staples,2020,0.1021900677059389,0.21342237400665118
0000021665,Consumer Staples,2021,0.07618399037191417,0.26581178266357475
0000021665,Consumer Staples,2022,0.15946885842180206,0.3010373707461631
0000021665,Consumer Staples,2023,0.20290771904959026,0.3383474485214114
0000021665,Consumer Staples,2024,0.25138847807512493,0.3249197202691797
0000021665,Consumer Staples,2025,,
0000023217,Consumer Staples,2015,0.0792608450851164,0.14082468083782346
0000023217,Consumer Staples,2016,0.07482314849652409,0.1695223660000603
0000023217,Consumer Staples,2018,0.06642309138098386,0.12240895350083601
0000023217,Consumer Staples,2019,0.0770205141240539,0.13475559466139655
0000023217,Consumer Staples,2020,0.06986170266842183,0.13375634064884281
0000023217,Consumer Staples,2021,0.06221139199660192,0.16530467638529753
0000023217,Consumer Staples,2022,0.08731070572983757,0.2420308115031323
0000023217,Consumer Staples,2023,0.0958466807351079,0.2623940268730066
0000023217,Consumer Staples,2024,0.09007387160981399,0.2761168337251628
0000023217,Consumer Staples,2025,,
0000024545,Consumer Staples,2015,0.05166197700900797,0.13946150978910246
0000024545,Consumer Staples,2016,0.04489375549363285,0.13976237803064215
0000024545,Consumer Staples,2017,0.04537695681951841,0.11337768365600512
0000024545,Consumer Staples,2018,0.03975182556179075,0.09634204588416359
0000024545,Consumer Staples,2019,0.06158599086220686,0.13581571407142565
0000024545,Consumer Staples,2020,0.06276071076771987,0.10556600354243745
0000024545,Consumer Staples,2021,0.05211870329435414,0.07489322983284903
0000024545,Consumer Staples,2022,0.07088753292042548,0.09508505220156101
0000024545,Consumer Staples,2023,0.10304870799967043,0.12905814692579817
0000024545,Consumer Staples,2024,0.13997274409652904,0.13848008015110047
0000024545,Consumer Staples,2025,,
0000024741,Information Technology,2015,0.08868694432790182,0.223027253335954
0000024741,Information Technology,2016,0.09545828662512895,0.19655313934997073
0000024741,Information Technology,2017,0.09564913082675305,0.23248852843927845
0000024741,Information Technology,2018,0.10681815383935375,0.21100120896813712
0000024741,Information Technology,2019,0.12191023724301155,0.18281554770758313
0000024741,Information Technology,2020,0.13625373689451636,0.1795894113990964
0000024741,Information Technology,2021,0.09005967372097146,0.20292613599010287
0000024741,Information Technology,2022,0.11811213714258582,0.29500826573298566
0000024741,Information Technology,2023,0.13963881197311556,0.2807240570171835
0000024741,Information Technology,2024,0.156900255456199,0.2927723165324344
0000024741,Information Technology,2025,,
0000026172,Industrials,2015,0.22070973841345395,0.19408216685911922
0000026172,Industrials,2016,0.23099085538513867,0.19051711519968892
0000026172,Industrials,2017,0.2768391944289171,0.1989442398955042
0000026172,Industrials,2018,0.2803672365688343,0.19143840455610414
0000026172,Industrials,2019,0.30786537823490373,0.18608499090963043
0000026172,Industrials,2020,0.3120851571508034,0.18562418408711429
0000026172,Industrials,2021,0.22777214669837365,0.15521815753207288
0000026172,Industrials,2022,0.2975948276962281,0.212866598708462
0000026172,Industrials,2023,0.33483731679133977,0.20453809769970144
0000026172,Industrials,2024,0.3019274596977512,0.2127135564631518
0000026172,Industrials,2025,,
0000027419,Consumer Staples,2015,0.01670249355116079,0.1873462618500822
0000027419,Consumer Staples,2016,0.01510353227771011,0.14798090601471492
0000027419,Consumer Staples,2017,0.0157043436525078,0.19063922578501413
0000027419,Consumer Staples,2018,0.016610253857640617,0.19223875993611572
0000027419,Consumer Staples,2019,0.029001833900969345,0.2522932013639767
0000027419,Consumer Staples,2020,0.0256056129985229,0.22840012070964566
0000027419,Consumer Staples,2021,0.01844660194174757,0.21162173705912307
0000027419,Consumer Staples,2022,0.042892662219526985,0.2915414276375357
0000027419,Consumer Staples,2023,0.06810461956521739,0.2526686168878655
0000027419,Consumer Staples,2024,0.07384243401168648,0.26195197333387005
0000027419,Consumer Staples,2025,,
0000027904,Industrials,2015,0.2621376839607781,0.06426072119638729
0000027904,Industrials,2016,0.2469089868411499,0.07550638181712901
0000027904,Industrials,2017,0.267455198290194,0.07150527040376269
0000027904,Industrials,2018,0.24722671422787038,0.07128230703685935
0000027904,Industrials,2019,0.27054558871928813,0.06806755316557667
0000027904,Industrials,2020,0.2718989598449072,0.07534581473011448
0000027904,Industrials,2021,0.2109353842303887,0.06229324639712768
0000027904,Industrials,2022,0.30051652708001564,0.09160683916636841
0000027904,Industrials,2023,0.37442619456433757,0.09641485526226498
0000027904,Industrials,2024,0.35946759998152855,0.09768930456939337
0000027904,Industrials,2025,,
0000029534,Consumer Staples,2015,0.007899686520376174,0.13981191222570533
0000029534,Consumer Staples,2016,0.012897857291449969,0.15136259621385478
0000029534,Consumer Staples,2017,0.010462030375699441,0.17301998991212936
0000029534,Consumer Staples,2018,0.01053179738046394,0.1638037291040488
0000029534,Consumer Staples,2019,0.013338152900777155,0.15621982586669503
0000029534,Consumer Staples,2020,0.011545121545121545,0.15818960700316634
0000029534,Consumer Staples,2021,0.012341001805192328,0.17871151330028176
0000029534,Consumer Staples,2022,0.05903590958982869,0.21377618288491945
0000029534,Consumer Staples,2023,0.07230008205322272,0.23266788445496123
0000029534,Consumer Staples,2024,0.07734072251322399,0.2542516989216117
0000029534,Consumer Staples,2025,,
0000029905,Industrials,2015,0.10585810446192735,0.11312728482571421
0000029905,Industrials,2016,0.10972906811340104,0.11053138818132698
0000029905,Industrials,2017,0.11333546697727402,0.13545956874229112
0000029905,Industrials,2018,0.11331127793515822,0.11496304680311009
0000029905,Industrials,2019,0.1662587044272845,0.1387408695391628
0000029905,Industrials,2020,0.10529328806267058,0.14637761467327864
0000029905,Industrials,2021,0.05112964122053302,0.14457367300961935
0000029905,Industrials,2022,0.1541308737368675,0.18332593753511864
0000029905,Industrials,2023,0.16671376897000065,0.176799283627277
0000029905,Industrials,2024,0.17285744096033073,0.1852240985268972
0000029905,Industrials,2025,,
0000029989,Communication Services,2015,0.0459708870836579,0.15998200951312977
0000029989,Communication Services,2016,0.04867781843100305,0.16989228890903785
0000029989,Communication Services,2017,0.05100347230542774,0.17525168223553772
0000029989,Communication Services,2018,0.03676729836932569,0.15399924978087662
0000029989,Communication Services,2019,0.03108677337826453,0.26785590946841376
0000029989,Communication Services,2020,0.029443736730360937,0.2553505990628244
0000029989,Communication Services,2021,0.017040358744394617,0.2389041363526413
0000029989,Communication Services,2022,0.07059264277532067,0.2815365307572621
0000029989,Communication Services,2023,0.1141850566092755,0.2715934871489216
0000029989,Communication Services,2024,0.13083249955855453,0.3816278132621387
0000029989,Communication Services,2025,,
0000031462,Materials,2015,0.04650705429670799,0.08580589995724669
0000031462,Materials,2016,0.05298541476754786,0.0877848678213309
0000031462,Materials,2017,0.052212765957446804,0.09382978723404256
0000031462,Materials,2018,0.18746360861797695,0.22110048746908662
0000031462,Materials,2019,0.1864580036711184,0.17783250570135817
0000031462,Materials,2020,0.18514864150730073,0.15047500830012076
0000031462,Materials,2021,0.15191408191118175,0.14199706205375673
0000031462,Materials,2022,0.20069653765206488,0.17212348552208237
0000031462,Materials,2023,0.2639732819111442,0.16080779617828497
0000031462,Materials,2024,0.2956536977998874,0.17235955973808542
0000031462,Materials,2025,,
0000031791,Health Care,2024,0.1000995963135759,0.166143293433821
0000031791,Health Care,2025,,
0000032604,Industrials,2015,0.082812426111647,0.0983755939838926
0000032604,Industrials,2016,0.07399700789406671,0.09292678889737713
0000032604,Industrials,2017,0.09835283465568483,0.11536074141041407
0000032604,Industrials,2018,0.09106598257813787,0.10202422154526655
0000032604,Industrials,2019,0.09774367871432603,0.18992910862816065
0000032604,Industrials,2020,0.14434377478191912,0.2171141573203429
0000032604,Industrials,2021,0.2325894376956612,0.17937602848559075
0000032604,Industrials,2022,0.3118584781620553,0.203760465958339
0000032604,Industrials,2023,0.32751443292218974,0.2223487901632608
0000032604,Industrials,2024,0.31029280886362437,0.236972653688891
0000033185,Industrials,2015,0.0,0.26683125036506117
0000033185,Industrials,2016,0.0,0.23206800812610237
0000033185,Industrials,2017,0.0,0.2634892781140093
0000033185,Industrials,2018,0.011690711413084203,0.2865653335997802
0000033185,Industrials,2019,0.0077798861480075894,0.2540937762643723
0000033185,Industrials,2020,0.009512181738366989,0.26939075912614424
0000033185,Industrials,2021,0.006457780138077535,0.24419966796189566
0000033185,Industrials,2022,0.008424500491320014,0.2929906532264835
0000033185,Industrials,2023,0.02339556592765461,0.2924198195468299
0000033185,Industrials,2024,0.02393502190873143,0.2958507173825761
0000033185,Industrials,2025,,
0000033213,Energy,2015,0.16611033339076497,0.13711486177431
0000033213,Energy,2016,0.1438808616101902,0.11934999172925491
0000033213,Energy,2017,0.1594289768979339,0.11658413506885494
0000033213,Energy,2018,0.13451865451816675,0.12312508400161284
0000033213,Energy,2019,0.4342902528296873,0.10277371214305586
0000033213,Energy,2020,0.3542764481063885,0.1167106482574056
0000033213,Energy,2021,0.2860656652237503,0.10181637979341138
0000033213,Energy,2022,0.3327661033261877,0.11217924499032446
0000033213,Energy,2023,0.384778441781546,0.10558459107202353
0000033213,Energy,2024,0.43553165364246643,0.10605872295962769
0000033213,Energy,2025,,
0000034088,Energy,2015,0.20930704576112896,0.304779265100942
0000034088,Energy,2016,0.2304088486015546,0.2761282569386232
0000034088,Energy,2017,0.26887029786290545,0.309093561505087
0000034088,Energy,2018,0.2708574385792885,0.2970114942528736
0000034088,Energy,2019,0.30361228175797716,0.388373804267844
0000034088,Energy,2020,0.26373522410077027,0.3753821284714861
0000034088,Energy,2021,0.22894080444767664,0.3308811627657244
0000034088,Energy,2022,0.44521670924978657,0.3684557903444521
0000034088,Energy,2023,0.4996967611327652,0.3653902082587285
0000034088,Energy,2024,0.444631722938313,0.365795268875313
0000034088,Energy,2025,,
0000034903,Real Estate,2015,0.19001911966201462,0.218197743493463
0000034903,Real Estate,2016,0.18930356518916294,0.21063070419114785
0000034903,Real Estate,2017,0.20437073138590844,0.220424179530419
0000034903,Real Estate,2018,0.20688842042666689,0.20103500569784977
0000034903,Real Estate,2019,0.22905021191429245,0.19900770291634434
0000034903,Real Estate,2020,0.2212570047258341,0.19167662667481264
0000034903,Real Estate,2021,0.1586181256328466,0.16758964911994698
0000034903,Real Estate,2022,0.17621395091353706,0.19408414829474568
0000034903,Real Estate,2023,0.17737669119077848,0.18750352406546236
0000034903,Real Estate,2024,0.17754950981576806,0.1938933094081539
0000034903,Real Estate,2025,,
0000035527,Financials,2015,0.006148773410709575,0.2
0000035527,Financials,2016,0.006109578242018131,0.20806727105505188
0000035527,Financials,2017,0.007712679323756403,0.3151257280885247
0000035527,Financials,2018,0.01106461619398747,0.2816833682012615
0000035527,Financials,2019,0.005592820015012388,0.24756284080192528
0000035527,Financials,2020,0.009185174707921654,0.26408474655499514
0000035527,Financials,2021,0.01318314418406286,0.22010327066653113
0000035527,Financials,2022,0.023791124781150648,0.27062437912902615
0000035527,Financials,2023,0.036064083394442725,0.26856332790014903
0000035527,Financials,2024,0.028837430731467283,0.27818569318083625
0000035527,Financials,2025,,
0000036104,Financials,2015,0.0,0.08838130997079682
0000036104,Financials,2016,0.0,0.09920529801324504
0000036104,Financials,2017,0.0,0.1358224780369585
0000036104,Financials,2018,0.0,0.12085506801677406
0000036104,Financials,2019,0.001656640028733052,0.12886773817006375
0000036104,Financials,2020,0.00164750047519483,0.11438889944877399
0000036104,Financials,2021,0.001246923707957342,0.10833470057424119
0000036104,Financials,2022,0.0016806063774176684,0.11937619794389268
0000036104,Financials,2023,0.0014672521039151118,0.14491401390413464
0000036104,Financials,2024,0.007674909529553678,0.1654478287092883
0000036104,Financials,2025,,
0000036270,Financials,2015,0.003428914592509922,0.24579378182226422
0000036270,Financials,2016,0.003524754108632535,0.24852557738004952
0000036270,Financials,2017,0.002261542714957147,0.18262674732214462
0000036270,Financials,2018,0.002284990413585319,0.17841486387960553
0000036270,Financials,2019,0.00214086795080065,0.17460704303689317
0000036270,Financials,2020,0.0020903171349330764,0.18011867611416613
0000036270,Financials,2021,0.0022986767485822304,0.17421948172574267
0000036270,Financials,2022,0.0139118937436144,0.2647439258433621
0000036270,Financials,2023,0.021290528104205016,0.24679750892542018
0000036270,Financials,2024,0.050190930165769615,0.23590932638119194
0000036270,Financials,2025,,
0000037996,Consumer Discretionary,2015,0.2607950345954586,0.2091139689332327
0000037996,Consumer Discretionary,2016,0.26528319982926424,0.2012032876097306
0000037996,Consumer Discretionary,2017,0.31335856814177315,0.23346479787126181
0000037996,Consumer Discretionary,2018,0.3223460144444819,0.21064629493768103
0000037996,Consumer Discretionary,2019,0.3528093161398571,0.20306906256765533
0000037996,Consumer Discretionary,2020,0.3291793511280692,0.20092897300400125
0000037996,Consumer Discretionary,2021,0.26003715738127425,0.17536239265240874
0000037996,Consumer Discretionary,2022,0.3634845010494375,0.18828448711931467
0000037996,Consumer Discretionary,2023,0.45496649339708845,0.18001848387569924
0000037996,Consumer Discretionary,2024,0.5388764982068492,0.1960674624753382
0000037996,Consumer Discretionary,2025,,
0000038777,Financials,2015,0.005594883281265997,0.3097733154370395
0000038777,Financials,2016,0.005274514790920707,0.30492166290847883
0000038777,Financials,2017,0.005352919401065778,0.36473766089381937
0000038777,Financials,2018,0.005377287361904124,0.37148046837306986
0000038777,Financials,2019,0.005812314125795223,0.3305292131844383
0000038777,Financials,2020,0.0033192537230703712,0.3102341949761584
0000038777,Financials,2021,0.004778722491793566,0.28422046612905455
0000038777,Financials,2022,0.006343711866117107,0.35470064056726447
0000038777,Financials,2023,0.026001993308004283,0.4032962575580622
0000038777,Financials,2024,0.022253873259902218,0.392790923021453
0000040533,Industrials,2015,0.04490646387832699,0.17789224645898652
0000040533,Industrials,2016,0.055379964270990796,0.18407139654552912
0000040533,Industrials,2017,0.042078189300411524,0.20556060377580876
0000040533,Industrials,2018,0.03808877615726062,0.19741845371918298
0000040533,Industrials,2019,0.043685872138910814,0.1850577574539527
0000040533,Industrials,2020,0.0326966603794519,0.1895919360550711
0000040533,Industrials,2021,0.037873754152823916,0.1769637218521677
0000040533,Industrials,2022,0.10647473885628284,0.2066963851107518
0000040533,Industrials,2023,0.13992076034257508,0.22319471491187867
0000040533,Industrials,2024,0.1292202408545129,0.23990429446736508
0000040533,Industrials,2025,,
0000040545,Industrials,2015,0.02921968035098715,0.2655593857724851
0000040545,Industrials,2016,0.06296547054840894,0.2607989167230873
0000040545,Industrials,2018,0.06919973607314543,0.2824205862946555
0000040545,Industrials,2019,0.07424547283702214,0.20925553319919518
0000040545,Industrials,2020,0.13057532467532468,0.19075324675324673
0000040545,Industrials,2021,0.0,0.21379310344827587
0000040545,Industrials,2022,0.0,0.2540229885057471
0000040545,Industrials,2023,0.0,0.2557471264367816
0000040545,Industrials,2024,0.0,0.275
0000040545,Industrials,2025,,
0000040704,Consumer Staples,2015,0.07274094425419238,0.13152093027300965
0000040704,Consumer Staples,2016,0.073172828236726,0.1282003144175668
0000040704,Consumer Staples,2017,0.0744080628141705,0.11993372032214786
0000040704,Consumer Staples,2018,0.06988540774477296,0.08711238039188898
0000040704,Consumer Staples,2019,0.075625998365001,0.08986034801405299
0000040704,Consumer Staples,2020,0.07569445349257657,0.11024927956221518
0000040704,Consumer Staples,2021,0.06440596053161497,0.12639972868134897
0000040704,Consumer Staples,2022,0.14602385809941001,0.1515346312225316
0000040704,Consumer Staples,2023,0.17252148816588522,0.1647096020243276
0000040704,Consumer Staples,2024,0.17705329308674597,0.18202299513927933
0000040704,Consumer Staples,2025,,
0000040987,Consumer Discretionary,2015,0.030233559938076325,0.15221802346390081
0000040987,Consumer Discretionary,2016,0.02417353684638335,0.1457172429641193
0000040987,Consumer Discretionary,2017,0.021096598685661935,0.14181489372512124
0000040987,Consumer Discretionary,2018,0.024619666748844186,0.12312487513500857
0000040987,Consumer Discretionary,2019,0.06529293179326286,0.21462969768574344
0000040987,Consumer Discretionary,2020,0.04645081185896704,0.20674465485777027
0000040987,Consumer Discretionary,2021,0.03815953968012688,0.21604516412371635
0000040987,Consumer Discretionary,2022,0.10030554228380315,0.2601621808143547
0000040987,Consumer Discretionary,2023,0.13094782754855067,0.23148593999086986
0000040987,Consumer Discretionary,2024,0.10919431548050382,0.23625765246203131
0000040987,Consumer Discretionary,2025,,
0000045012,Energy,2015,0.14679292856433776,0.2795959095789454
0000045012,Energy,2016,0.13907140702246445,0.27620246751506455
0000045012,Energy,2017,0.179636548728263,0.2896282833824841
0000045012,Energy,2018,0.19918514846783097,0.3080421276516353
0000045012,Energy,2019,0.21297240875360637,0.2680653622768448
0000045012,Energy,2020,0.19230998884611414,0.2337578889165881
0000045012,Energy,2021,0.1689876501218678,0.1754222360335895
0000045012,Energy,2022,0.23470602088400444,0.22439413920216808
0000045012,Energy,2023,0.2602990848622352,0.23393396396861452
0000045012,Energy,2024,0.2520265750168466,0.2269479419801315
0000045012,Energy,2025,,
0000046080,Consumer Discretionary,2015,0.0037494108417498247,0.09768092729726895
0000046080,Consumer Discretionary,2016,0.003907762625902626,0.08834144858112541
0000046080,Consumer Discretionary,2017,0.003981226744332075,0.08840584792669322
0000046080,Consumer Discretionary,2018,0.004118429672866946,0.08686004407331516
0000046080,Consumer Discretionary,2019,0.0040781276928397074,0.08794812175662417
0000046080,Consumer Discretionary,2020,0.003328937924702721,0.07443971774575639
0000046080,Consumer Discretionary,2021,0.05580573570838134,0.13140350625131103
0000046080,Consumer Discretionary,2022,0.07679425145862788,0.1866283447250341
0000046080,Consumer Discretionary,2023,0.0537712487967678,0.1731526112192463
0000046080,Consumer Discretionary,2024,0.06172147112993704,0.17238744765035563
0000046080,Consumer Discretionary,2025,,
0000047111,Consumer Staples,2015,0.06027455765710799,0.20155025809388227
0000047111,Consumer Staples,2016,0.04894780139585489,0.17282948102150394
0000047111,Consumer Staples,2017,0.05814861091132748,0.1729842279781952
0000047111,Consumer Staples,2018,0.057110566856036216,0.17358283823748044
0000047111,Consumer Staples,2019,0.05569175111790216,0.15393818643936616
0000047111,Consumer Staples,2020,0.06122693466595209,0.14826521336605497
0000047111,Consumer Staples,2021,0.07609957348467769,0.14925256197311104
0000047111,Consumer Staples,2022,0.24787511304305196,0.15690052186155976
0000047111,Consumer Staples,2023,0.2797642018246377,0.20151877355464676
0000047111,Consumer Staples,2024,0.280487963822234,0.23151040699986744
0000047111,Consumer Staples,2025,,
0000047217,Information Technology,2016,0.10670927401196159,0.1784972768158419
0000047217,Information Technology,2017,0.1432784761500804,0.2030119802767616
0000047217,Information Technology,2018,0.1407950642393674,0.2031363703710264
0000047217,Information Technology,2019,0.18096142248122526,0.18633397616242048
0000047217,Information Technology,2020,0.16064778212567418,0.19494272842546384
0000047217,Information Technology,2021,0.12860740130454726,0.174993324276314
0000047217,Information Technology,2022,0.16459561223904923,0.21190672276597214
0000047217,Information Technology,2023,0.18585870732474744,0.2580945028574768
0000047217,Information Technology,2024,0.09972630540410533,0.2907843565601405
0000048465,Consumer Staples,2015,0.0,0.0735973597359736
0000048465,Consumer Staples,2016,0.0,0.07569131832797428
0000048465,Consumer Staples,2017,0.0,0.052235712170565586
0000048465,Consumer Staples,2018,0.05036438119879258,0.1973193605738528
0000048465,Consumer Staples,2019,0.057351688063332254,0.20327902309875678
0000048465,Consumer Staples,2020,0.04932358701021903,0.20597588352503507
0000048465,Consumer Staples,2021,0.08463683441774,0.20314035320674548
0000048465,Consumer Staples,2022,0.18280738459119145,0.2812895601098133
0000048465,Consumer Staples,2023,0.21765034701488176,0.2696696029847299
0000048465,Consumer Staples,2024,0.2454592738208821,0.26494178315372025
0000048898,Industrials,2016,0.06982731533176854,0.3561626162049726
0000048898,Industrials,2017,0.07270957030435374,0.3451918070305026
0000048898,Industrials,2018,0.06549663466795523,0.29454813191720003
0000048898,Industrials,2019,0.07162417866219102,0.2500561113102874
0000048898,Industrials,2020,0.06594918329963881,0.254659638715756
0000048898,Industrials,2021,0.04717805006364937,0.19690871277292699
0000048898,Industrials,2022,0.07906535768762006,0.24283760526343984
0000048898,Industrials,2023,0.08551860912675792,0.27664772302841345
0000048898,Industrials,2024,0.0881276113457694,0.2673373517519203
0000048898,Industrials,2025,,
0000049071,Health Care,2015,0.009629105072143046,0.16873678061158764
0000049071,Health Care,2016,0.00845806049267228,0.14844578573612136
0000049071,Health Care,2017,0.00960980112444407,0.14697894695235666
0000049071,Health Care,2018,0.010709242618741975,0.15104314356336251
0000049071,Health Care,2019,0.013643926788685524,0.15420256628479992
0000049071,Health Care,2020,0.0129233063088249,0.16730059496447283
0000049071,Health Care,2021,0.002778285505392067,0.14852080126187236
0000049071,Health Care,2022,0.007083448085926742,0.17101417706145952
0000049071,Health Care,2023,0.007585358933131562,0.16725863848403555
0000049071,Health Care,2024,0.007905261114346728,0.1709459221617055
0000049071,Health Care,2025,,
0000049196,Financials,2015,0.0,0.39994214307562925
0000049196,Financials,2016,0.012391502969392417,0.37767028019461285
0000049196,Financials,2017,0.0181508875739645,0.3480299330230316
0000049196,Financials,2018,0.0016383542812254516,0.25834168540238917
0000049196,Financials,2019,0.0015573562927323373,0.2339688275377299
0000049196,Financials,2020,0.0035090329713092787,0.24013601476304297
0000049196,Financials,2021,0.0034841627226638483,0.20228459713734323
0000049196,Financials,2022,0.0683292929628252,0.30283562161509336
0000049196,Financials,2023,0.07786173032483377,0.27847059986036315
0000049196,Financials,2024,0.09956541921326507,0.29312976042191075
0000049196,Financials,2025,,
0000049826,Industrials,2015,0.062975339266128,0.27017748262426694
0000049826,Industrials,2016,0.058162054527352326,0.2593927981729478
0000049826,Industrials,2017,0.05749823403392971,0.28677384054194893
0000049826,Industrials,2018,0.08479529449082865,0.2790284004408761
0000049826,Industrials,2019,0.09942167207792207,0.264033189033189
0000049826,Industrials,2020,0.12057869800275256,0.23383717790845454
0000049826,Industrials,2021,0.08017751976741751,0.16102980730544264
0000049826,Industrials,2022,0.10842142572680206,0.20859365458648613
0000049826,Industrials,2023,0.11662880763852095,0.258556784584068
0000049826,Industrials,2024,0.12574170440739585,0.3057267457856615
0000049826,Industrials,2025,,
0000050863,Information Technology,2015,0.15829760814167468,0.2679605793763092
0000050863,Information Technology,2016,0.14572367495594485,0.25042298934065155
0000050863,Information Technology,2017,0.11098251405434346,0.249954170710079
0000050863,Information Technology,2018,0.0,0.0
0000050863,Information Technology,2019,0.0,0.0
0000050863,Information Technology,2020,0.0,0.0
0000050863,Information Technology,2021,0.0,0.0
0000050863,Information Technology,2022,0.0,0.0
0000050863,Information Technology,2023,0.0,0.0
0000050863,Information Technology,2024,0.09722244329486669,0.17771587743732592
0000050863,Information Technology,2025,,
0000051143,Information Technology,2015,0.026246331812819167,0.1854621241483488
0000051143,Information Technology,2020,0.039709541386815664,0.2183213384151506
0000051143,Information Technology,2021,0.03175802649279847,0.2662477336382095
0000051143,Information Technology,2022,0.059980006181996594,0.32304276034191726
0000051143,Information Technology,2023,0.06333325730224314,0.328531372600133
0000051143,Information Technology,2024,0.06421685036864104,0.3409401733442406
0000051143,Information Technology,2025,,
0000051253,Materials,2015,0.05906605230962703,0.2934707727421816
0000051253,Materials,2016,0.05249351273694009,0.30256482662874906
0000051253,Materials,2017,0.060723881606698026,0.3048417018838192
0000051253,Materials,2018,0.060263662462618585,0.2800050788065153
0000051253,Materials,2019,0.0924146643409902,0.25364552367961446
0000051253,Materials,2020,0.1008460181465974,0.2684597423739308
0000051253,Materials,2021,0.07262332934011781,0.2600917773423016
0000051253,Materials,2022,0.11571023349893911,0.33958958091137054
0000051253,Materials,2023,0.13177701666295502,0.358171462004267
0000051253,Materials,2024,0.1410118363976879,0.3972760816388867
0000051253,Materials,2025,,
0000051434,Materials,2015,0.29754728003255143,0.19198775003957722
0000051434,Materials,2016,0.2962207447833219,0.17618489573122142
0000051434,Materials,2017,0.311683921339504,0.2329484063408109
0000051434,Materials,2018,0.36027963484992137,0.24024196133954465
0000051434,Materials,2019,0.36666203284102306,0.2712074431592105
0000051434,Materials,2020,0.3514552962007008,0.2836144091572214
0000051434,Materials,2021,0.2546594714394059,0.22248903337852957
0000051434,Materials,2022,0.4749528842031882,0.30627134244017734
0000051434,Materials,2023,0.5012479560708913,0.3533007215643446
0000051434,Materials,2024,0.470578741857599,0.34510337518471484
0000051434,Materials,2025,,
0000051644,Communication Services,2015,0.0,0.1649272312678229
0000051644,Communication Services,2016,0.025945764981586877,0.18623503256276158
0000051644,Communication Services,2017,0.026201153106982702,0.18368175393903438
0000051644,Communication Services,2018,0.02401410477835348,0.29432256717347605
0000051644,Communication Services,2019,0.02307980985739304,0.28086674258068606
0000051644,Communication Services,2020,0.027823626413470023,0.2625727176462604
0000051644,Communication Services,2021,0.03246336317751611,0.22486109472206053
0000051644,Communication Services,2022,0.16902681061102975,0.22189921348752092
0000051644,Communication Services,2023,0.2019986067771669,0.2377335045532452
0000051644,Communication Services,2024,0.21083154981943078,0.2883096814137327
0000051644,Communication Services,2025,,
0000052988,Industrials,2020,0.11878004275575725,0.2496633050799564
0000052988,Industrials,2021,0.09128798321278178,0.20334881882778033
0000052988,Industrials,2022,0.12390920910945455,0.22985067372021242
0000052988,Industrials,2023,0.13410135184975894,0.23237019618461197
0000052988,Industrials,2024,0.14029752252490338,0.28400895569720613
0000055067,Consumer Staples,2015,0.04163516729806743,0.25956884287501464
0000055067,Consumer Staples,2016,0.06909136450126645,0.22718198041184048
0000055067,Consumer Staples,2017,0.06840763493372148,0.23118500782932144
0000055067,Consumer Staples,2018,0.16781832346902714,0.25187993168012557
0000055067,Consumer Staples,2019,0.17284855162828774,0.2778718185481696
0000055067,Consumer Staples,2020,0.16177806901495997,0.27843683518210127
0000055067,Consumer Staples,2021,0.0777809989470065,0.2893789384844981
0000055067,Consumer Staples,2022,0.0969740124345955,0.3375703483904288
0000055067,Consumer Staples,2023,0.09633552442487804,0.32893017945299313
0000055067,Consumer Staples,2024,0.10158320506697355,0.3438840316670061
0000055067,Consumer Staples,2025,,
0000055785,Consumer Staples,2015,0.10239417950303611,0.182344372546776
0000055785,Consumer Staples,2016,0.1195281259272866,0.23453639202498197
0000055785,Consumer Staples,2017,0.13223255933732983,0.2545733943259203
0000055785,Consumer Staples,2018,0.12067152079441418,0.2248873119341938
0000055785,Consumer Staples,2019,0.15181328936001748,0.2594582366241978
0000055785,Consumer Staples,2020,0.16639073276949304,0.2483199177820873
0000055785,Consumer Staples,2021,0.12784671981266396,0.23473659484970477
0000055785,Consumer Staples,2022,0.2349638694531165,0.2836313340529636
0000055785,Consumer Staples,2023,0.2698639561349059,0.2822532452328836
0000055785,Consumer Staples,2024,0.24414181930380635,0.3163321051962902
0000055785,Consumer Staples,2025,,
0000056873,Consumer Staples,2015,0.015116731517509727,0.12555115762481925
0000056873,Consumer Staples,2016,0.0144253140995812,0.11587975349061556
0000056873,Consumer Staples,2017,0.015776277724204434,0.12230614472634356
0000056873,Consumer Staples,2018,0.015209662716499543,0.1118824710457207
0000056873,Consumer Staples,2019,0.01671195652173913,0.11100419095783289
0000056873,Consumer Staples,2020,0.019834096109839817,0.21162301519890478
0000056873,Consumer Staples,2021,0.03136176066024759,0.1982360947985975
0000056873,Consumer Staples,2022,0.18483881778940464,0.2838897026154009
0000056873,Consumer Staples,2023,0.2124168737627237,0.2829488557471163
0000056873,Consumer Staples,2024,0.20228149270295848,0.30868272269284663
0000056873,Consumer Staples,2025,,
0000059478,Health Care,2015,0.005273755656108597,0.22021996490904053
0000059478,Health Care,2016,0.0050648077551464984,0.2127222139855064
0000059478,Health Care,2017,0.005467914438502673,0.23009297886734104
0000059478,Health Care,2018,0.005314822679974516,0.22372541940964114
0000059478,Health Care,2019,0.0060717419921017994,0.23607311656086513
0000059478,Health Care,2020,0.004243574051407589,0.3025786310563448
0000059478,Health Care,2021,0.0040479360852197065,0.28299791207287095
0000059478,Health Care,2022,0.004770422883521556,0.3396073819175593
0000059478,Health Care,2023,0.02963298659921299,0.34633797194358257
0000059478,Health Care,2024,0.02202281270277856,0.4036464203579317
0000059478,Health Care,2025,,
0000060086,Financials,2015,0.09238279735461684,0.10504032958840004
0000060086,Financials,2016,0.08677671410718402,0.11271441090353031
0000060086,Financials,2017,0.08859479839666916,0.11545797339668532
0000060086,Financials,2018,0.08841628299072588,0.10478897278689492
0000060086,Financials,2019,0.09591153886120736,0.11550831307096293
0000060086,Financials,2020,0.09416627285060775,0.1127179682467432
0000060086,Financials,2022,0.2504834972951616,0.1537304770360485
0000060086,Financials,2023,0.2712974295200201,0.1621022419223354
0000060086,Financials,2024,0.2774052246033282,0.1788498657739018
0000060086,Financials,2025,,
0000060667,Consumer Discretionary,2015,0.15097734065433518,0.1781957636895829
0000060667,Consumer Discretionary,2016,0.13940626255282143,0.1654292048125683
0000060667,Consumer Discretionary,2017,0.08436497476203747,0.1613619143574592
0000060667,Consumer Discretionary,2018,0.05661448240087145,0.19633076916613554
0000060667,Consumer Discretionary,2019,0.10109016009493,0.21095324845000288
0000060667,Consumer Discretionary,2020,0.12413595898053023,0.15433607047912365
0000060667,Consumer Discretionary,2021,0.11131614516985308,0.12413666526680305
0000060667,Consumer Discretionary,2022,0.3148162892448525,0.19070625316734013
0000060667,Consumer Discretionary,2023,0.3756705912305868,0.2144697336636922
0000060667,Consumer Discretionary,2024,0.4221571916637461,0.20669513718525653
0000060667,Consumer Discretionary,2025,,
0000062709,Financials,2015,0.023688500343409344,0.2427312612463043
0000062709,Financials,2016,0.02277421772610682,0.239014097216429
0000062709,Financials,2017,0.01857883531555421,0.20908197883714635
0000062709,Financials,2018,0.014001254571654652,0.2365412678858056
0000062709,Financials,2019,0.015211611703240603,0.2519239860020107
0000062709,Financials,2020,0.01933284492297289,0.24530339584194386
0000062709,Financials,2021,0.02224242619680072,0.23954972945230918
0000062709,Financials,2022,0.03482665191774179,0.28585931391830927
0000062709,Financials,2023,0.04004414339344372,0.2919454643245646
0000062709,Financials,2024,0.038000616823259274,0.2752689849480573
0000062709,Financials,2025,,
0000062996,Industrials,2017,0.06738825363207582,0.16460586018238416
0000062996,Industrials,2018,0.056042165878400364,0.1807051091543615
0000062996,Industrials,2019,0.07394270798503277,0.1958802048210316
0000062996,Industrials,2020,0.06926156514047825,0.20655446054391358
0000062996,Industrials,2021,0.015805012315402465,0.20402982956784968
0000062996,Industrials,2022,0.050738748262946234,0.26470536807134115
0000062996,Industrials,2023,0.06258328839199355,0.2584386702404502
0000062996,Industrials,2024,0.07354402280599318,0.2517157071258161
0000062996,Industrials,2025,,
0000063754,Consumer Staples,2015,0.05730166436486875,0.2345067003530471
0000063754,Consumer Staples,2016,0.05969660441027071,0.2262515179126182
0000063754,Consumer Staples,2017,0.06059232323536281,0.2246143801957541
0000063754,Consumer Staples,2018,0.048713179536672334,0.22891015338536888
0000063754,Consumer Staples,2019,0.059816528698236365,0.27088822889666636
0000063754,Consumer Staples,2020,0.053421638729478645,0.2734007987458413
0000063754,Consumer Staples,2021,0.0326207908465411,0.214727054844001
0000063754,Consumer Staples,2022,0.0841791626268646,0.24076339657661985
0000063754,Consumer Staples,2023,0.12193778694334328,0.2576474925187573
0000063754,Consumer Staples,2024,0.13607989295075407,0.27776393334530936
0000063754,Consumer Staples,2025,,
0000063908,Consumer Discretionary,2015,0.06199023653172707,0.2862023188951061
0000063908,Consumer Discretionary,2016,0.06025632738838091,0.26643907791086385
0000063908,Consumer Discretionary,2017,0.055254179906910526,0.2613229794337128
0000063908,Consumer Discretionary,2018,0.05609684597181506,0.24795585217225982
0000063908,Consumer Discretionary,2019,0.10121877320102336,0.2609234621682658
0000063908,Consumer Discretionary,2020,0.0,0.0
0000063908,Consumer Discretionary,2021,0.023843137254901958,0.20058823529411765
0000063908,Consumer Discretionary,2022,0.04274002954209749,0.2652326440177253
0000063908,Consumer Discretionary,2023,0.04417515835857891,0.2777930781235656
0000063908,Consumer Discretionary,2024,0.12509984639016897,0.21290322580645163
0000063908,Consumer Discretionary,2025,,
0000064040,Financials,2017,0.002416543574593796,0.32278094269010227
0000064040,Financials,2018,0.0021979976287709127,0.3003912470634483
0000064040,Financials,2019,0.002147596321732045,0.29901612741479566
0000064040,Financials,2020,0.0019112458654906286,0.2777621380471127
0000064040,Financials,2021,0.0012548501609840666,0.28418436064246105
0000064040,Financials,2022,0.003128700024328927,0.37402953841317976
0000064040,Financials,2023,0.03941404077878995,0.33796562294674304
0000064040,Financials,2024,0.04785121072905258,0.3278027321397166
0000064040,Financials,2025,,
0000064803,Health Care,2015,0.013590341727001326,0.1260723779537982
0000064803,Health Care,2016,0.011178302258356103,0.12026014817130502
0000064803,Health Care,2017,0.012448599271033091,0.13149158517682488
0000064803,Health Care,2018,0.008149499206197045,0.13592214214118256
0000064803,Health Care,2019,0.006657347009507628,0.22487998184092656
0000064803,Health Care,2020,0.0068950915057245845,0.23792276316318853
0000064803,Health Care,2021,0.0044101063363464225,0.2040098715597042
0000064803,Health Care,2022,0.03199902785578529,0.24310471296525887
0000064803,Health Care,2023,0.03178283403095943,0.25351320431681146
0000064803,Health Care,2024,0.029288151426332187,0.25951205028943813
0000064803,Health Care,2025,,
0000065984,Utilities,2015,0.17973137669444098,0.08874518094764332
0000065984,Utilities,2016,0.17886765236206276,0.08231758624834716
0000065984,Utilities,2017,0.1820126987694555,0.08177220879923583
0000065984,Utilities,2018,0.18534598472575792,0.06348067576949781
0000065984,Utilities,2019,0.23523354174328798,0.0611989702096359
0000065984,Utilities,2020,0.2249212233549583,0.07058387395736793
0000065984,Utilities,2021,0.18908085694540427,0.06855563234277816
0000065984,Utilities,2022,0.3378382177791612,0.10750910309555803
0000065984,Utilities,2023,0.36804400796523284,0.11702904907611368
0000065984,Utilities,2024,0.36873299621779715,0.11842984028004311
0000065984,Utilities,2025,,
0000066740,Industrials,2015,0.11499539845797213,0.31942652485914536
0000066740,Industrials,2016,0.13524556658070783,0.2905614652240535
0000066740,Industrials,2017,0.13347019617706238,0.25978488116197185
0000066740,Industrials,2018,0.13349267834067413,0.2833881998034362
0000066740,Industrials,2019,0.15586323184890993,0.2584406982348257
0000066740,Industrials,2020,0.18246670474495646,0.2248260525691361
0000066740,Industrials,2021,0.1255648995000713,0.2600142315462625
0000066740,Industrials,2022,0.17806612469039276,0.24978754765292235
0000066740,Industrials,2023,0.1749663759609993,0.3060206235215796
0000066740,Industrials,2024,0.16878476250646146,0.6623206234564356
0000066740,Industrials,2025,,
0000068505,Information Technology,2015,0.02081855369947051,0.16147902944863723
0000068505,Information Technology,2016,0.020395045336515434,0.1595086681400684
0000068505,Information Technology,2017,0.020949856981468305,0.16618937848043328
0000068505,Information Technology,2018,0.02281535321761151,0.1746473986064671
0000068505,Information Technology,2019,0.04787321454425634,0.18392670956919405
0000068505,Information Technology,2020,0.03606736073865298,0.19117160937178293
0000068505,Information Technology,2021,0.03206805102003283,0.17470700420995547
0000068505,Information Technology,2022,0.07372871063204296,0.21915423304972903
0000068505,Information Technology,2023,0.06472202489741291,0.21707854307472288
0000068505,Information Technology,2024,0.06766146015695591,0.22952182311886923
0000068505,Information Technology,2025,,
0000070858,Financials,2015,0.004227421109902067,0.22375411971876277
0000070858,Financials,2016,0.0,0.23006890340846017
0000070858,Financials,2017,0.0,0.27577683914327294
0000070858,Financials,2018,0.001265837189894545,0.2613205405765914
0000070858,Financials,2019,0.0012489845653939884,0.27473294816006233
0000070858,Financials,2020,0.0031664028251339503,0.26931363639668193
0000070858,Financials,2021,0.02507620066121025,0.22922496429960168
0000070858,Financials,2022,0.035509786944173796,0.29422244881762044
0000070858,Financials,2023,0.04601981630116676,0.3385352550222523
0000070858,Financials,2024,0.048557251892327284,0.36436320987524023
0000070858,Financials,2025,,
0000072331,Industrials,2015,0.1583224455139871,0.21405502478481858
0000072331,Industrials,2016,0.15772514879219157,0.2144907112340305
0000072331,Industrials,2017,0.15875846463676033,0.2086988931877599
0000072331,Industrials,2018,0.1664964429780086,0.2023216950717118
0000072331,Industrials,2019,0.18529402961047345,0.21518097836991135
0000072331,Industrials,2020,0.10952537627359925,0.22437829901989753
0000072331,Industrials,2021,0.14574423251841295,0.21942359556299487
0000072331,Industrials,2022,0.233726571947995,0.2695009888359597
0000072331,Industrials,2023,0.22663431138707577,0.31125219750880917
0000072331,Industrials,2024,0.2118117172209205,0.37976081775947745
0000072741,Utilities,2015,0.26451216437926417,0.11873586915609836
0000072741,Utilities,2016,0.23579155471281613,0.1280565024681299
0000072741,Utilities,2017,0.2849242138805146,0.1191484068876776
0000072741,Utilities,2018,0.29100340136054426,0.095589810392242
0000072741,Utilities,2019,0.33204637390305275,0.10258529044778573
0000072741,Utilities,2020,0.32501248704019087,0.10840972663626997
0000072741,Utilities,2021,0.2358117226978385,0.12052540880356877
0000072741,Utilities,2022,0.38804367237935367,0.13179579791268944
0000072741,Utilities,2023,0.45976376859152057,0.12634003232557
0000072741,Utilities,2024,0.5477213353212697,0.1312513405015673
0000072741,Utilities,2025,,
0000072903,Utilities,2015,0.36618629354866383,0.2699141836171066
0000072903,Utilities,2016,0.35791959347879154,0.26625287527347646
0000072903,Utilities,2017,0.3791877249839037,0.3482903502582828
0000072903,Utilities,2018,0.39214619090635344,0.31123135115017103
0000072903,Utilities,2019,0.45385127863475627,0.3024544136851779
0000072903,Utilities,2020,0.4555910912795865,0.27744054199553103
0000072903,Utilities,2021,0.3819655052668133,0.2755394156084788
0000072903,Utilities,2022,0.48857194293901374,0.3369153128166603
0000072903,Utilities,2023,0.5274801771441847,0.33107873365987806
0000072903,Utilities,2024,0.5303001343804655,0.34633699109307364
0000072903,Utilities,2025,,
0000072971,Financials,2015,0.002899794737824221,0.1581265161410711
0000072971,Financials,2016,0.0028518859245630175,0.1456853725850966
0000072971,Financials,2017,0.0,0.15219619326500733
0000072971,Financials,2018,0.0,0.13995979899497488
0000072971,Financials,2019,0.0,0.1402247191011236
0000072971,Financials,2020,0.0,0.14427157001414426
0000072971,Financials,2021,0.0,0.1296978365814411
0000072971,Financials,2022,0.0,0.16394658753709201
0000072971,Financials,2023,0.0,0.16523274769063576
0000072971,Financials,2024,0.0,0.1673913043478261
0000072971,Financials,2025,,
0000073124,Financials,2015,0.00464712918660287,0.3507184472374968
0000073124,Financials,2016,0.006183305076294006,0.3532278193153517
0000073124,Financials,2017,0.006106186432770364,0.341116380344424
0000073124,Financials,2018,0.007371653264999558,0.3342718211175904
0000073124,Financials,2019,0.007021616684426853,0.3475642036430725
0000073124,Financials,2020,0.006851332632769094,0.2712762993403221
0000073124,Financials,2021,0.010501480883144858,0.28369688483122185
0000073124,Financials,2022,0.028371750743912474,0.34333778301436846
0000073124,Financials,2023,0.044704408735053255,0.35057537265939354
0000073124,Financials,2024,0.040149571946539925,0.35867387882384816
0000073124,Financials,2025,,
0000073309,Materials,2015,0.19547872879924325,0.18915826665227956
0000073309,Materials,2016,0.19484148199042434,0.15611564868306518
0000073309,Materials,2017,0.20496434796219803,0.18396182015093124
0000073309,Materials,2018,0.2188049116776709,0.18146140612636974
0000073309,Materials,2019,0.2712246807246807,0.19115572715572715
0000073309,Materials,2020,0.2183897856972815,0.15761392116278605
0000073309,Materials,2021,0.22191886237332029,0.15217664522184182
0000073309,Materials,2022,0.29110656704906307,0.18500342616718826
0000073309,Materials,2023,0.28600916997126863,0.16031664974461957
0000073309,Materials,2024,0.33465080245671786,0.17193129465570117
0000073309,Materials,2025,,
0000074208,Real Estate,2015,0.09614803141464694,0.1353258526443677
0000074208,Real Estate,2016,0.09854271202543674,0.12777896259060836
0000074208,Real Estate,2017,0.10588280222826367,0.12512903818883495
0000074208,Real Estate,2018,0.10694988479262672,0.11968183155211297
0000074208,Real Estate,2019,0.12130225294941094,0.12160342813990042
0000074208,Real Estate,2020,0.10491284931928414,0.11052020362379861
0000074208,Real Estate,2021,0.08198736125843235,0.13344896288966218
0000074208,Real Estate,2022,0.10603278859225407,0.16622462615335667
0000074208,Real Estate,2023,0.12470586810935302,0.19930715656279194
0000074208,Real Estate,2024,0.122359769964569,0.18939864779116694
0000074208,Real Estate,2025,,
0000075362,Industrials,2015,0.08955484968461619,0.15696161032244252
0000075362,Industrials,2016,0.08288760719948113,0.1478758738108965
0000075362,Industrials,2017,0.07895079180732519,0.17756593527055534
0000075362,Industrials,2018,0.08368889365207714,0.12822507496427984
0000075362,Industrials,2019,0.0735758543985153,0.13596404056624262
0000075362,Industrials,2020,0.05934203150344446,0.112991444276095
0000075362,Industrials,2021,0.04576735412018647,0.16447189421559558
0000075362,Industrials,2022,0.24295460671574415,0.20271959274701118
0000075362,Industrials,2023,0.5546538131000365,0.22754357202359238
0000075362,Industrials,2024,0.6291898297468308,0.23451123786882755
0000075362,Industrials,2025,,
0000075677,Materials,2015,0.13830521348534838,0.08297606885630021
0000075677,Materials,2016,0.12490210037946013,0.080285087786594
0000075677,Materials,2017,0.12420353652861796,0.07767263843648209
0000075677,Materials,2018,0.11469960338607356,0.07591102329182423
0000075677,Materials,2019,0.12225846557621103,0.0812916059729076
0000075677,Materials,2020,0.11986570068595345,0.07560842005498887
0000075677,Materials,2021,0.09330847279439486,0.07474463712568642
0000075677,Materials,2022,0.15386445579050056,0.08267809605858281
0000075677,Materials,2023,0.21307852575001943,0.08450092777341442
0000075677,Materials,2024,0.23308588375755207,0.08846035550464532
0000075677,Materials,2025,,
0000076334,Industrials,2015,0.21611406187369334,0.25068609612357445
0000076334,Industrials,2016,0.23036653485986316,0.2604248073414163
0000076334,Industrials,2017,0.24278164588789056,0.23830785025461967
0000076334,Industrials,2018,0.22082024938817732,0.23144530418293813
0000076334,Industrials,2019,0.2409701276102088,0.21048895763512934
0000076334,Industrials,2020,0.2275590778239422,0.20612950549332876
0000076334,Industrials,2021,0.16520065025750374,0.15310998427222705
0000076334,Industrials,2022,0.2253988064261105,0.22559696759265063
0000076334,Industrials,2023,0.24923725738936828,0.24075678248863058
0000076334,Industrials,2024,0.17261911007932992,0.28094276341213675
0000076334,Industrials,2025,,
0000077360,Industrials,2015,0.12085574653947835,0.23524886767295053
0000077360,Industrials,2016,0.09003303436316937,0.16979917776842182
0000077360,Industrials,2017,0.12828538938291353,0.1986916538949353
0000077360,Industrials,2018,0.1321725711854676,0.22905324343542433
0000077360,Industrials,2019,0.15187504413206931,0.1569131873161164
0000077360,Industrials,2020,0.1347502464999148,0.15871466546673435
0000077360,Industrials,2021,0.15157497015940816,0.19203611905565746
0000077360,Industrials,2022,0.18707091861656336,0.27239354999040316
0000077360,Industrials,2023,0.19327915723395236,0.2541010886329404
0000077360,Industrials,2024,0.2160469447226125,0.27202125095520274
0000077360,Industrials,2025,,
0000077476,Consumer Staples,2015,0.13525029860184076,0.2643943652076161
0000077476,Consumer Staples,2016,0.1521895428725565,0.23390970106626047
0000077476,Consumer Staples,2017,0.18581288299506754,0.21668933730693032
0000077476,Consumer Staples,2018,0.1875963350855639,0.21185984840855843
0000077476,Consumer Staples,2019,0.2364503254025821,0.20667919543313076
0000077476,Consumer Staples,2020,0.20145043522198947,0.19913704021492082
0000077476,Consumer Staples,2021,0.13739752868508776,0.19565482560896083
0000077476,Consumer Staples,2022,0.19204257589681745,0.2433819800687111
0000077476,Consumer Staples,2023,0.21203884681781784,0.2621749826984734
0000077476,Consumer Staples,2024,0.2349320718519296,0.27623860236969067
0000077476,Consumer Staples,2025,,
0000078003,Health Care,2015,0.036955573473867014,0.2063241079690896
0000078003,Health Care,2016,0.029876241205936314,0.1793759108802956
0000078003,Health Care,2017,0.024729360357810665,0.18516788776478038
0000078003,Health Care,2018,0.024830845385154662,0.1767587764645075
0000078003,Health Care,2019,0.02591059014475909,0.16789131592544815
0000078003,Health Care,2020,0.025224977752874578,0.15523438687312346
0000078003,Health Care,2021,0.020322061879991797,0.15036466418156813
0000078003,Health Care,2022,0.029657960172454798,0.14445039770205645
0000078003,Health Care,2023,0.08700060919906179,0.1525311674432377
0000078003,Health Care,2024,0.08549614679698606,0.16524060374124933
0000078003,Health Care,2025,,
0000079282,Financials,2015,0.05646980900699794,0.2989206190689489
0000079282,Financials,2016,0.05878041310023816,0.298634814163551
0000079282,Financials,2017,0.06173312621073983,0.24803663015956706
0000079282,Financials,2018,0.0632846583491417,0.20695615075562104
0000079282,Financials,2019,0.0735518005085719,0.22038115549722473
0000079282,Financials,2020,0.06836330553971783,0.2180295487332157
0000079282,Financials,2021,0.03335007222557573,0.19788264313173007
0000079282,Financials,2022,0.04573743223502678,0.2968380457717903
0000079282,Financials,2023,0.060668845364193015,0.3010310914530315
0000079282,Financials,2024,0.06377400468384074,0.3137704918032787
0000079282,Financials,2025,,
0000079879,Materials,2015,0.23600520195838431,0.16039863466806553
0000079879,Materials,2016,0.205474609500203,0.15044529085379316
0000079879,Materials,2017,0.22642758605695276,0.13964348804470125
0000079879,Materials,2018,0.24302756669891123,0.15255916267032346
0000079879,Materials,2019,0.26115600179634796,0.3552712238638307
0000079879,Materials,2020,0.1972438781351389,0.2776917490756061
0000079879,Materials,2021,0.16357479117656135,0.24222168259271512
0000079879,Materials,2022,0.2004742465483554,0.3079085147423533
0000079879,Materials,2023,0.282205906712608,0.22678650160330238
0000079879,Materials,2024,0.3442510522946849,0.2082507925227214
0000079879,Materials,2025,,
0000080424,Consumer Staples,2015,0.034955909186559594,0.1708946497176682
0000080424,Consumer Staples,2016,0.03458805891032513,0.16821777674046937
0000080424,Consumer Staples,2017,0.036012071281227055,0.1961700555871774
0000080424,Consumer Staples,2018,0.053049414683281185,0.23343309877953725
0000080424,Consumer Staples,2019,0.06837083706391313,0.27267221594485647
0000080424,Consumer Staples,2020,0.05872991218983537,0.22099340277883875
0000080424,Consumer Staples,2021,0.07124307595703168,0.2578723445153891
0000080424,Consumer Staples,2022,0.17994666465607392,0.35687344083448347
0000080424,Consumer Staples,2023,0.21683845210313862,0.3609162915461649
0000080424,Consumer Staples,2024,0.24063367305115746,0.3604086602213275
0000080424,Consumer Staples,2025,,
0000080661,Financials,2015,0.005142618326555095,0.1521011189886759
0000080661,Financials,2016,0.007501792371000366,0.15307187624405716
0000080661,Financials,2017,0.026038241909560847,0.15699528506363064
0000080661,Financials,2018,0.029800324895679416,0.13966613298130787
0000080661,Financials,2019,0.03060931806212653,0.11840978939686178
0000080661,Financials,2020,0.026908865512490263,0.10994396995029596
0000080661,Financials,2021,0.024260527373792248,0.13673571291242104
0000080661,Financials,2022,0.041015828140232906,0.15910204609269624
0000080661,Financials,2023,0.03723217218664847,0.152450763889016
0000080661,Financials,2024,0.02968851387732911,0.16392873029703764
0000080661,Financials,2025,,
0000084839,Industrials,2015,0.20561312910284463,0.2552986349901011
0000084839,Industrials,2016,0.19965803137943128,0.24054930035282007
0000084839,Industrials,2017,0.16411911154503292,0.324002013668538
0000084839,Industrials,2018,0.16955643245511087,0.30883359130055166
0000084839,Industrials,2019,0.16764505173617722,0.32147144560018304
0000084839,Industrials,2020,0.14676857949200375,0.3262464722483537
0000084839,Industrials,2021,0.08274610615454407,0.4725238167246333
0000084839,Industrials,2022,0.07437297077922078,0.5246956168831169
0000084839,Industrials,2023,0.1391366465965915,0.33605469945912847
0000084839,Industrials,2024,0.11372486434727098,0.3649696776252793
0000084839,Industrials,2025,,
0000086312,Financials,2015,0.03344415006114292,0.12058712074635555
0000086312,Financials,2016,0.03383377926290946,0.11797939189160456
0000086312,Financials,2017,0.0330163795935608,0.12004505561552542
0000086312,Financials,2018,0.03368741026561378,0.1126570351758794
0000086312,Financials,2019,0.048359980045351865,0.13057801755275106
0000086312,Financials,2020,0.04747077090536105,0.13105124959379322
0000086312,Financials,2021,0.03294979880315666,0.12805445643127894
0000086312,Financials,2022,0.04460413563956593,0.15058296217374095
0000086312,Financials,2023,0.04836981604975043,0.14955052077800177
0000086312,Financials,2024,0.048786068394638074,0.15529364950497257
0000086312,Financials,2025,,
0000087347,Energy,2015,0.13787568273756118,0.13823933722644588
0000087347,Energy,2016,0.1038393623005151,0.25563947026849787
0000087347,Energy,2017,0.13499096875352168,0.29420975087867907
0000087347,Energy,2018,0.13596881169050026,0.3169724108045645
0000087347,Energy,2019,0.15160034750506177,0.3119656251749717
0000087347,Energy,2020,0.1711038934020799,0.3063484421211913
0000087347,Energy,2021,0.15598506287146144,0.22055717130495195
0000087347,Energy,2022,0.48699325114953423,0.21498701643058393
0000087347,Energy,2023,0.5040161953073522,0.19472716114972058
0000087347,Energy,2024,0.5362421989715634,0.20445738742846964
0000087347,Energy,2025,,
0000089800,Materials,2015,0.07787083521560138,0.32196779737269304
0000089800,Materials,2016,0.07528358414072699,0.29439741634027344
0000089800,Materials,2017,0.07069242631315223,0.2667159195087008
0000089800,Materials,2018,0.03809940630232912,0.44000775748273857
0000089800,Materials,2019,0.048938992042440316,0.4416368846389131
0000089800,Materials,2020,0.11266377081403775,0.2824073462130979
0000089800,Materials,2021,0.08964454359402144,0.2133942279812626
0000089800,Materials,2022,0.14029463772660172,0.25464650963958596
0000089800,Materials,2023,0.15829859373048583,0.2802138378918447
0000089800,Materials,2024,0.17059456912714246,0.34256942394067746
0000089800,Materials,2025,,
0000091142,Industrials,2015,0.10958849959044696,0.24282801813046503
0000091142,Industrials,2016,0.0953614110312931,0.22889694893504722
0000091142,Industrials,2017,0.09386249407302039,0.23496737197724038
0000091142,Industrials,2018,0.09859796567133752,0.21698064876945555
0000091142,Industrials,2019,0.11955309269574992,0.26401181830995973
0000091142,Industrials,2020,0.11644946334424319,0.2704562517127389
0000091142,Industrials,2021,0.10517993542798644,0.2053381741620766
0000091142,Industrials,2022,0.14329420190133824,0.2395621184735532
0000091142,Industrials,2023,0.25237845384171664,0.24780413650276664
0000091142,Industrials,2024,0.26548014991920915,0.2393718326959171
0000091142,Industrials,2025,,
0000091419,Consumer Staples,2015,0.11212184285918136,0.06670197468799052
0000091419,Consumer Staples,2016,0.1144359981744988,0.0710437331196808
0000091419,Consumer Staples,2017,0.1202692644655116,0.08644942791762014
0000091419,Consumer Staples,2018,0.12450668045125506,0.07700406601583533
0000091419,Consumer Staples,2019,0.12131188408405705,0.1216604255214704
0000091419,Consumer Staples,2020,0.10847797546417297,0.10299180103989233
0000091419,Consumer Staples,2021,0.08409381100917045,0.13463964916753854
0000091419,Consumer Staples,2022,0.1164329326296872,0.15298303229337712
0000091419,Consumer Staples,2023,0.14246515442310687,0.20006500706267646
0000091419,Consumer Staples,2024,0.13658833802734624,0.22368022992755526
0000091419,Consumer Staples,2025,,
0000091440,Industrials,2015,0.060696283968974536,0.12451061467199294
0000091440,Industrials,2016,0.06392392845689823,0.12202944075776172
0000091440,Industrials,2017,0.06500323652204361,0.12093150436445753
0000091440,Industrials,2018,0.057846807450487425,0.11166900943148578
0000091440,Industrials,2019,0.06733287298716828,0.1173508228416423
0000091440,Industrials,2020,0.06080243695137379,0.11772718332022028
0000091440,Industrials,2021,0.052874996921713005,0.1413529994828478
0000091440,Industrials,2022,0.15574631668318628,0.1894437214864132
0000091440,Industrials,2023,0.16032217779155658,0.2064954889153955
0000091440,Industrials,2024,0.1754181577355012,0.2321964317766089
0000091440,Industrials,2025,,
0000091576,Financials,2015,0.01440477653660712,0.21280923150706169
0000091576,Financials,2016,0.017557375771081844,0.19885904226163692
0000091576,Financials,2017,0.019450701943108054,0.21307907131319548
0000091576,Financials,2018,0.01874484735721048,0.22094938327820837
0000091576,Financials,2019,0.020407011914688796,0.2032974239989538
0000091576,Financials,2020,0.019875268664547828,0.22422870901623726
0000091576,Financials,2021,0.014799150768705584,0.1874768467661347
0000091576,Financials,2022,0.034001111000940165,0.202940783649889
0000091576,Financials,2023,0.05799630497734174,0.21406038025422108
0000091576,Financials,2024,0.06839800051978898,0.2295937640499529
0000091576,Financials,2025,,
0000092122,Utilities,2015,0.26593205904078565,0.11942784604269631
0000092122,Utilities,2016,0.2588903264367961,0.12672014307248664
0000092122,Utilities,2017,0.27192520397484304,0.08974742640905013
0000092122,Utilities,2018,0.21855795629031993,0.08589624790108225
0000092122,Utilities,2019,0.23896303937338279,0.07850709138604078
0000092122,Utilities,2020,0.23608604700244573,0.05718655725086593
0000092122,Utilities,2021,0.18530485735301583,0.0669361108245874
0000092122,Utilities,2022,0.22210380402222973,0.0776260124089039
0000092122,Utilities,2023,0.23566021193906675,0.07925841411501605
0000092122,Utilities,2024,0.2466608249748155,0.08734621581168098
0000092122,Utilities,2025,,
0000092230,Financials,2020,0.0034394841269841272,0.23725978921455496
0000092230,Financials,2021,0.011970978208623669,0.21894835132199997
0000092230,Financials,2022,0.04769091069984264,0.27720018946097835
0000092230,Financials,2023,0.046396445855435106,0.3291595258200402
0000092230,Financials,2024,0.045070864465481156,0.3363192510637952
0000092230,Financials,2025,,
0000092380,Industrials,2015,0.049480322986536394,0.09220356502474457
0000092380,Industrials,2016,0.05997542441806829,0.10556708735631853
0000092380,Industrials,2017,0.0669760883178825,0.10511331563943142
0000092380,Industrials,2018,0.07058971132035635,0.10094376405398628
0000092380,Industrials,2019,0.07342944932136816,0.10986031226304459
0000092380,Industrials,2020,0.08341854395450043,0.12580485843774458
0000092380,Industrials,2021,0.07721046989373125,0.13627887600908187
0000092380,Industrials,2022,0.14389383675254944,0.13489002932578825
0000092380,Industrials,2023,0.22375880522026356,0.16289603591545157
0000092380,Industrials,2024,0.27632124973053257,0.16829248715256054
0000092380,Industrials,2025,,
0000093410,Energy,2015,0.18249928247697506,0.10567502226746404
0000093410,Energy,2016,0.2640818498266582,0.08403531703985098
0000093410,Energy,2017,0.2859152415102299,0.11690546298249314
0000093410,Energy,2018,0.2811932132389795,0.10190597143623094
0000093410,Energy,2019,0.3069876018946527,0.10664414639472046
0000093410,Energy,2020,0.30568723088876903,0.11613002424173292
0000093410,Energy,2021,0.21085600633735882,0.09106854872923315
0000093410,Energy,2022,0.38526349474050064,0.12015169021292608
0000093410,Energy,2023,0.4061716772138677,0.11428035630796923
0000093410,Energy,2024,0.40656400768253714,0.12082819242695825
0000093410,Energy,2025,,
0000093556,Industrials,2015,0.11150592911813324,0.10453348549150869
0000093556,Industrials,2016,0.11443946848471678,0.09698351357278694
0000093556,Industrials,2017,0.12043998006539464,0.09678407203390087
0000093556,Industrials,2018,0.126118286986435,0.11296087787585829
0000093556,Industrials,2019,0.1335859834400128,0.16532155159095485
0000093556,Industrials,2020,0.11786423517110993,0.14168408771363372
0000093556,Industrials,2021,0.10717809767322593,0.19696015634572012
0000093556,Industrials,2022,0.17659206010016693,0.27651441291040624
0000093556,Industrials,2023,0.1958135402772936,0.3085614951438282
0000093556,Industrials,2024,0.2452194676243474,0.26284155788181357
0000093556,Industrials,2025,,
0000093751,Financials,2015,0.00663158560302156,0.2381621188794226
0000093751,Financials,2016,0.007767665093081432,0.23199498877936778
0000093751,Financials,2017,0.010576008719026161,0.2589082873699394
0000093751,Financials,2018,0.007958085142980725,0.27506018539079463
0000093751,Financials,2019,0.010411461523036318,0.26654403226000467
0000093751,Financials,2020,0.007547227370831191,0.26972725795639657
0000093751,Financials,2021,0.011068210797071855,0.21889789565383935
0000093751,Financials,2022,0.011699288308697786,0.24378741503948548
0000093751,Financials,2023,0.014463148994174233,0.24851859402205223
0000093751,Financials,2024,0.013852687783500963,0.27607193041459843
0000093751,Financials,2025,,
0000096021,Consumer Staples,2015,0.022606421289077482,0.1993172252388507
0000096021,Consumer Staples,2016,0.06624845386404374,0.19490955211482341
0000096021,Consumer Staples,2017,0.0679306859895593,0.2101773370638578
0000096021,Consumer Staples,2018,0.0686828597805291,0.2181122986846084
0000096021,Consumer Staples,2019,0.07361230902583961,0.21375106036464178
0000096021,Consumer Staples,2020,0.06242884954292569,0.18809952008477684
0000096021,Consumer Staples,2021,0.05380767577856366,0.184339289107144
0000096021,Consumer Staples,2022,0.07479077952246833,0.2438865150558144
0000096021,Consumer Staples,2023,0.07746344933379283,0.24181109542209386
0000096021,Consumer Staples,2024,0.1254686157040666,0.26835617275258966
0000096021,Consumer Staples,2025,,
0000097210,Information Technology,2015,0.06801297878030876,0.26650157910011213
0000097210,Information Technology,2016,0.0646556153873227,0.22738394396930983
0000097210,Information Technology,2017,0.07010868888291968,0.2267611681123188
0000097210,Information Technology,2018,0.0676616828171109,0.2240841230906688
0000097210,Information Technology,2019,0.06989727164576441,0.20999141243017633
0000097210,Information Technology,2020,0.08384507392692811,0.22768453984273448
0000097210,Information Technology,2021,0.05746197936134612,0.2578008239294279
0000097210,Information Technology,2022,0.06998970592826148,0.30927961008959515
0000097210,Information Technology,2023,0.07382076982466912,0.2861202916911995
0000097210,Information Technology,2024,0.07561878410352986,0.32490335723598435
0000097210,Information Technology,2025,,
0000097476,Information Technology,2015,0.033921822817019505,0.1227185929383006
0000097476,Information Technology,2016,0.02142109057792282,0.12396782150039842
0000097476,Information Technology,2017,0.023818649824868227,0.12795223683478216
0000097476,Information Technology,2018,0.02887312245618434,0.13404437899551908
0000097476,Information Technology,2019,0.02753499412484901,0.13078442167423998
0000097476,Information Technology,2020,0.025375482541083204,0.13127167728818193
0000097476,Information Technology,2021,0.052175081000180916,0.12008356769933903
0000097476,Information Technology,2022,0.08539823542820366,0.14041600182356964
0000097476,Information Technology,2023,0.09885392052683828,0.17606170740062357
0000097476,Information Technology,2024,0.09996881500426258,0.17275110826939472
0000097476,Information Technology,2025,,
0000097745,Health Care,2015,0.13787830618321947,0.11463977095479987
0000097745,Health Care,2016,0.141894621523784,0.11362851041735192
0000097745,Health Care,2017,0.14506780789682117,0.10561317484763186
0000097745,Health Care,2018,0.15311230258225786,0.12499203333546047
0000097745,Health Care,2019,0.1793747999808288,0.12283902150712636
0000097745,Health Care,2020,0.16589284997854084,0.1530354078139545
0000097745,Health Care,2021,0.12395393249979735,0.14225524698008057
0000097745,Health Care,2022,0.15311971457038695,0.17360762787027814
0000097745,Health Care,2023,0.20902895060185117,0.22795671037268297
0000097745,Health Care,2024,0.22061960833623478,0.22439947262786403
0000097745,Health Care,2025,,
0000100493,Consumer Staples,2015,0.06316922157477962,0.15385446375704856
0000100493,Consumer Staples,2016,0.0629915560530666,0.1567421943903141
0000100493,Consumer Staples,2017,0.06261448466762806,0.1687835436333984
0000100493,Consumer Staples,2018,0.058423557477512364,0.16002052249787235
0000100493,Consumer Staples,2019,0.06697309614064048,0.15582525016090584
0000100493,Consumer Staples,2020,0.05635446121971161,0.14837941038502905
0000100493,Consumer Staples,2021,0.1070558869712056,0.15699004964297408
0000100493,Consumer Staples,2022,0.1575355740886564,0.19943544460414525
0000100493,Consumer Staples,2023,0.18213240736688704,0.20864763748681844
0000100493,Consumer Staples,2024,0.17657621177829808,0.2319158415767195
0000100517,Industrials,2015,0.141114915158567,0.1391570126532911
0000100517,Industrials,2016,0.11091155499490271,0.10842842751998838
0000100517,Industrials,2017,0.10119307567769523,0.0935188260201752
0000100517,Industrials,2018,0.10460745315522219,0.09219308572739224
0000100517,Industrials,2019,0.17626525423728814,0.09330621468926555
0000100517,Industrials,2020,0.1431010516954723,0.12061895371766615
0000100517,Industrials,2021,0.1222484556725955,0.09903471282383401
0000100517,Industrials,2022,0.30169727291086373,0.14539595566241556
0000100517,Industrials,2023,0.33191091459822214,0.17924925242729553
0000100517,Industrials,2024,0.43050399239926973,0.2251248797986613
0000100517,Industrials,2025,,
0000100885,Industrials,2015,0.2276478242728128,0.2156293516480149
0000100885,Industrials,2016,0.22293095351011638,0.223582741290161
0000100885,Industrials,2017,0.23427240846876551,0.2360387552013818
0000100885,Industrials,2018,0.2371926963223692,0.21644671716084138
0000100885,Industrials,2019,0.27861442477311,0.20616374390370446
0000100885,Industrials,2020,0.24918978884652787,0.20627971660981367
0000100885,Industrials,2021,0.1963630336651425,0.19090709668613326
0000100885,Industrials,2022,0.3204263140491032,0.21512069120731955
0000100885,Industrials,2023,0.31322753909264095,0.19808866262138386
0000100885,Industrials,2024,0.35150922451532207,0.22892745994117947
0000100885,Industrials,2025,,
0000101829,Industrials,2021,0.08313375426373466,0.2356020603435434
0000101829,Industrials,2022,0.1381547881971056,0.277588604126061
0000101829,Industrials,2023,0.16771905810065874,0.3030240753271409
0000101829,Industrials,2024,0.17005311207105595,0.33044702877620663
0000101829,Industrials,2025,,
0000104169,Consumer Staples,2015,0.009317960909818264,0.2979518573551263
0000104169,Consumer Staples,2016,0.009986512305545968,0.2557549263795214
0000104169,Consumer Staples,2017,0.010253632013318963,0.23563580653267635
0000104169,Consumer Staples,2018,0.01056183922676451,0.2515573283111992
0000104169,Consumer Staples,2019,0.012256993006993006,0.19781818181818184
0000104169,Consumer Staples,2020,0.01680518406550817,0.20040489539788459
0000104169,Consumer Staples,2021,0.016422713049607598,0.18077005870620835
0000104169,Consumer Staples,2022,0.058856212738206945,0.2268965878950193
0000104169,Consumer Staples,2023,0.05874362463002706,0.2342869956611301
0000104169,Consumer Staples,2024,0.05557118152393729,0.24595933296239608
0000104169,Consumer Staples,2025,,
0000105634,Industrials,2015,0.04979767289639836,0.25089460546161946
0000105634,Industrials,2016,0.05038246053587924,0.23902210888197836
0000105634,Industrials,2017,0.05230657686342018,0.2458264003263521
0000105634,Industrials,2018,0.05203010750254921,0.28766605720135574
0000105634,Industrials,2019,0.062034488448844884,0.28071991199119917
0000105634,Industrials,2020,0.048296410224542216,0.3248988769122997
0000105634,Industrials,2021,0.05495345894436991,0.33187252051123156
0000105634,Industrials,2022,0.19630120846454316,0.3930279496715063
0000105634,Industrials,2023,0.22030267403379708,0.4135339117358456
0000105634,Industrials,2024,0.23888298804350272,0.4284802968448614
0000105634,Industrials,2025,,
0000105770,Health Care,2015,0.08511691703027838,0.24432545485269824
0000105770,Health Care,2016,0.08393370506780652,0.23561586105805513
0000105770,Health Care,2017,0.07727345777433453,0.25397798814752665
0000105770,Health Care,2018,0.08102356039655942,0.2610013044639218
0000105770,Health Care,2019,0.08758432765158085,0.2561872101074338
0000105770,Health Care,2020,0.09159127776749872,0.22635975240530176
0000105770,Health Care,2021,0.07007143598500155,0.2318798164233748
0000105770,Health Care,2022,0.0991731456687385,0.4031962184222634
0000105770,Health Care,2023,0.15158565870759286,0.5127147032414665
0000105770,Health Care,2024,0.15978299639275678,0.4941083191204856
0000105770,Health Care,2025,,
0000106040,Information Technology,2015,0.041412202909361616,0.14193050183339487
0000106040,Information Technology,2016,0.04325103642053776,0.12696827444336464
0000106040,Information Technology,2017,0.04432540275566847,0.1483733437127109
0000106040,Information Technology,2018,0.0622415322110094,0.1681113568778326
0000106040,Information Technology,2019,0.05288497937007461,0.15746754675354538
0000106040,Information Technology,2020,0.04840656761877599,0.14403391362687815
0000106040,Information Technology,2021,0.017064132110109032,0.2098879273839652
0000106040,Information Technology,2022,0.028589674788698165,0.22632589238833334
0000106040,Information Technology,2023,0.04748279526688786,0.2144768987640293
0000106040,Information Technology,2024,0.044459959319019124,0.24232908099645314
0000106040,Information Technology,2025,,
0000106535,Real Estate,2015,0.0,0.3484375
0000106535,Real Estate,2016,0.0,0.3267175572519084
0000106535,Real Estate,2017,0.2210810810810811,0.297972972972973
0000106535,Real Estate,2018,0.22856164383561642,0.28904109589041094
0000106535,Real Estate,2019,0.25273972602739725,0.28493150684931506
0000106535,Real Estate,2020,0.0,0.31875
0000106535,Real Estate,2021,0.0,0.25655172413793104
0000106535,Real Estate,2022,0.0,0.2497175141242938
0000106535,Real Estate,2023,0.0,0.2514124293785311
0000106535,Real Estate,2024,0.0,0.26101694915254237
0000106535,Real Estate,2025,,
0000107263,Energy,2015,0.09189698517554272,0.13080306163122002
0000107263,Energy,2016,0.08213906510407483,0.12423551745551721
0000107263,Energy,2017,0.08722314190388085,0.19143727743996997
0000107263,Energy,2018,0.10033690105533126,0.13731794204285333
0000107263,Energy,2019,0.11754500404652139,0.10378105086382766
0000107263,Energy,2020,0.17861508548711016,0.10242825742881885
0000107263,Energy,2021,0.1653709588881168,0.11494853577574644
0000107263,Energy,2022,0.22528856645005726,0.124578168732507
0000107263,Energy,2023,0.24424408699354533,0.13100730897747145
0000107263,Energy,2024,0.2534549238647372,0.1251026203999809
0000107263,Energy,2025,,
0000109198,Consumer Discretionary,2015,0.012605110179802622,0.1396731253229603
0000109198,Consumer Discretionary,2016,0.012429831595829992,0.15859416211073876
0000109198,Consumer Discretionary,2017,0.015234801117467073,0.16465628507518687
0000109198,Consumer Discretionary,2018,0.016777275012569128,0.1604067833980749
0000109198,Consumer Discretionary,2019,0.02003257328990228,0.18647714934359885
0000109198,Consumer Discretionary,2020,0.021647102897102897,0.17543740340574113
0000109198,Consumer Discretionary,2021,0.02077922077922078,0.1791560025215914
0000109198,Consumer Discretionary,2022,0.027466593647316535,0.2150774441640078
0000109198,Consumer Discretionary,2023,0.03432851792402354,0.24487746905991312
0000109198,Consumer Discretionary,2024,0.05360151642796967,0.27273792907785016
0000109198,Consumer Discretionary,2025,,
0000200406,Health Care,2015,0.01128130671506352,0.47979178716020826
0000200406,Health Care,2016,0.011289147851420248,0.47197846815849176
0000200406,Health Care,2017,0.020951193069598948,0.4505612746144975
0000200406,Health Care,2018,0.020868592487142026,0.426850325919123
0000200406,Health Care,2019,0.023625153354747925,0.40509523430948396
0000200406,Health Care,2020,0.0195858207673602,0.39947268761988125
0000200406,Health Care,2021,0.049845631115539794,0.3144651404021759
0000200406,Health Care,2022,0.05837117673774113,0.35102469623464977
0000200406,Health Care,2023,0.055201584764840606,0.36541168664331874
0000200406,Health Care,2024,0.060491793221765996,0.43409407861752963
0000200406,Health Care,2025,,
0000201533,Utilities,2022,0.43365666423698257,0.15152853820448187
0000201533,Utilities,2023,0.5143925669592008,0.15490826649337439
0000201533,Utilities,2024,0.6477796423996143,0.14081479341661096
0000201533,Utilities,2025,,
0000202058,Industrials,2019,0.06621471148273864,0.1549430447087538
0000202058,Industrials,2021,0.056146235419320366,0.21023765125525787
0000202058,Industrials,2022,0.11692702741658154,0.2628168197946589
0000202058,Industrials,2023,0.11008713873146159,0.27396638112609384
0000202058,Industrials,2024,0.1494414295037816,0.2029247567412803
0000202058,Industrials,2025,,
0000217346,Industrials,2015,0.04772082270082678,0.2268971915600986
0000217346,Industrials,2016,0.04810752519997239,0.2328831628088112
0000217346,Industrials,2017,0.045132272358789007,0.23892663184264581
0000217346,Industrials,2018,0.05148350460958926,0.2280261375276741
0000217346,Industrials,2019,0.05892239353660474,0.25753364510416965
0000217346,Industrials,2020,0.08563725804339407,0.2308874133804406
0000217346,Industrials,2021,0.06224718083120945,0.22609349112593574
0000217346,Industrials,2022,0.0920032631413109,0.24383294937053027
0000217346,Industrials,2023,0.11117115924225375,0.23764059479408722
0000217346,Industrials,2024,0.11655589649402426,0.24132722440275678
0000217346,Industrials,2025,,
0000277135,Industrials,2015,0.007876330461226558,0.07704699446207036
0000277135,Industrials,2016,0.014405204460966542,0.12782694454543853
0000277135,Industrials,2017,0.011337491337491337,0.1196425715656485
0000277135,Industrials,2018,0.011273648648648648,0.19065829416372895
0000277135,Industrials,2019,0.010524814603536792,0.130791095739273
0000277135,Industrials,2020,0.019490667865977064,0.20865390591364738
0000277135,Industrials,2021,0.029229476841341067,0.2060658048739518
0000277135,Industrials,2022,0.07057905821962225,0.3605317167674319
0000277135,Industrials,2023,0.07655261885006123,0.451890882936799
0000277135,Industrials,2024,0.0827923815628398,0.4544882079030056
0000277135,Industrials,2025,,
0000277948,Industrials,2015,0.2964705882352941,0.07090620031796503
0000277948,Industrials,2016,0.08732394366197184,0.12056338028169014
0000277948,Industrials,2017,0.08193656093489148,0.07362270450751253
0000277948,Industrials,2018,0.09415950994520665,0.06773675762439808
0000277948,Industrials,2019,0.19428722873534546,0.0985781990521327
0000277948,Industrials,2020,0.16556019879892317,0.11127272727272727
0000277948,Industrials,2021,0.157770811563915,0.11272727272727273
0000277948,Industrials,2022,0.19200238338440584,0.13393939393939394
0000277948,Industrials,2023,0.19688976723759335,0.13484848484848486
0000277948,Industrials,2024,0.12549719122739514,0.20442477876106196
0000277948,Industrials,2025,,
0000310158,Health Care,2015,0.040759185266786555,0.11644170540176374
0000310158,Health Care,2016,0.034423288987013655,0.07016706288185103
0000310158,Health Care,2017,0.03611604825016167,0.07698935495851386
0000310158,Health Care,2018,0.0440165841701402,0.07903163760413943
0000310158,Health Care,2019,0.048865808127791927,0.0883396645437526
0000310158,Health Care,2020,0.03974364197555043,0.08469171056909294
0000310158,Health Care,2021,0.02810061588737862,0.09551744435402823
0000310158,Health Care,2022,0.12512053744686602,0.13885870461361044
0000310158,Health Care,2023,0.1321118835413851,0.15412314984282402
0000310158,Health Care,2024,0.17947999171941054,0.17387251635347123
0000310158,Health Care,2025,,
0000310764,Health Care,2015,0.005441176470588235,0.263429026761846
0000310764,Health Care,2016,0.005060398302317989,0.2531289154929369
0000310764,Health Care,2017,0.005160883280757098,0.2681972977552989
0000310764,Health Care,2018,0.018124265021686216,0.24301149231296895
0000310764,Health Care,2019,0.020389221980593147,0.27089521251130566
0000310764,Health Care,2020,0.026080297610888648,0.2808728756147736
0000310764,Health Care,2021,0.019705874692851254,0.2776594162929567
0000310764,Health Care,2022,0.056274601128646164,0.3360396702467476
0000310764,Health Care,2023,0.052811277156667245,0.3414171135647179
0000310764,Health Care,2024,0.05242370276258642,0.33614657268162773
0000310764,Health Care,2025,,
0000313616,Health Care,2015,0.06319126984446528,0.15001704453185918
0000313616,Health Care,2016,0.06781058945692375,0.14728834017792328
0000313616,Health Care,2017,0.06487858898879545,0.14261194288773163
0000313616,Health Care,2018,0.06293500871764435,0.1354169942137311
0000313616,Health Care,2019,0.05849895553012506,0.15407106454521557
0000313616,Health Care,2020,0.047596685426154445,0.1604435830573625
0000313616,Health Care,2021,0.04345091311745308,0.15133132187769172
0000313616,Health Care,2022,0.06966012518639322,0.18445111281060833
0000313616,Health Care,2023,0.07861759263728456,0.2116418477317478
0000313616,Health Care,2024,0.06144052957510714,0.2154777917586892
0000313616,Health Care,2025,,
0000313927,Consumer Staples,2015,0.07905167288265569,0.09757568153919471
0000313927,Consumer Staples,2016,0.07722666941844347,0.09796825709013837
0000313927,Consumer Staples,2017,0.06967422434934321,0.10416376907561535
0000313927,Consumer Staples,2018,0.07816213159627362,0.1218579720847627
0000313927,Consumer Staples,2019,0.12312692825365681,0.14946832003055627
0000313927,Consumer Staples,2020,0.14285162556776065,0.2298198128088251
0000313927,Consumer Staples,2021,0.12269813705769647,0.21785418368366313
0000313927,Consumer Staples,2022,0.16140771324856185,0.27476802935019373
0000313927,Consumer Staples,2023,0.15631531573774962,0.2906584526458159
0000313927,Consumer Staples,2024,0.1668015862015787,0.3111192653520923
0000313927,Consumer Staples,2025,,
0000315189,Industrials,2015,0.10624621188557005,0.1655774669250803
0000315189,Industrials,2016,0.0903139174024253,0.17360344533059138
0000315189,Industrials,2017,0.08523968427924529,0.172695489386497
0000315189,Industrials,2018,0.09246964449404696,0.15702220122081895
0000315189,Industrials,2019,0.10040315873335492,0.1534214095106641
0000315189,Industrials,2020,0.09070522421252747,0.16804498363498957
0000315189,Industrials,2021,0.0782421221644969,0.1546608299671932
0000315189,Industrials,2022,0.1039854064042614,0.1924281954071851
0000315189,Industrials,2023,0.1772174599069783,0.24155691899389603
0000315189,Industrials,2024,0.14413893467649924,0.2694626152089415
0000315293,Financials,2015,0.0,0.18267149349652617
0000315293,Financials,2016,0.0,0.19435149122298542
0000315293,Financials,2017,0.0,0.1888481812780777
0000315293,Financials,2018,0.0,0.20378391463036352
0000315293,Financials,2019,0.0013726657242764675,0.1986017437315697
0000315293,Financials,2020,0.001324394529757812,0.2077728107500909
0000315293,Financials,2021,0.0009886178861788616,0.17441758241758243
0000315293,Financials,2022,0.013491607087348461,0.199124897568856
0000315293,Financials,2023,0.015242511783487914,0.19638649005249467
0000315293,Financials,2024,0.014434132508378448,0.18302602184033592
0000315293,Financials,2025,,
0000316709,Financials,2015,0.0,0.27527455958414354
0000316709,Financials,2016,0.0,0.23019704154649762
0000316709,Financials,2017,0.0,0.24179235563150225
0000316709,Financials,2018,0.0,0.22488621057816385
0000316709,Financials,2019,0.0,0.20804301496799438
0000316709,Financials,2020,0.0,0.1761499464840589
0000316709,Financials,2021,0.0,0.1340119371360649
0000316709,Financials,2022,0.007197303844702352,0.15498999207963027
0000316709,Financials,2023,0.007661108432352605,0.16782828105314426
0000316709,Financials,2024,0.015787838578004598,0.17571024935542306
0000316709,Financials,2025,,
0000318154,Health Care,2015,0.0077126579361673645,0.17947627714121583
0000318154,Health Care,2016,0.004388448471121178,0.16269429847214784
0000318154,Health Care,2017,0.004307152259763055,0.17367436962729438
0000318154,Health Care,2018,0.0038506808216016617,0.15965069077614752
0000318154,Health Care,2019,0.00773059719770778,0.13669463256848274
0000318154,Health Care,2020,0.007143068946887209,0.16122658133156012
0000318154,Health Care,2021,0.005021108825269311,0.1277901125268776
0000318154,Health Care,2022,0.013651611491732772,0.14004026312597886
0000318154,Health Care,2023,0.023913880064072284,0.13883522766927447
0000318154,Health Care,2024,0.02316573655315889,0.1400109121473173
0000318154,Health Care,2025,,
0000319201,Information Technology,2015,0.03223237965885433,0.14514473870824365
0000319201,Information Technology,2016,0.03062780496876623,0.14499083046553873
0000319201,Information Technology,2017,0.03260551941608011,0.14845820748375183
0000319201,Information Technology,2018,0.03373107636855381,0.13330928827155447
0000319201,Information Technology,2019,0.040803456439281446,0.14268560906895425
0000319201,Information Technology,2020,0.03795995394942245,0.13845205633226695
0000319201,Information Technology,2021,0.031054766754049765,0.14255086960208474
0000319201,Information Technology,2022,0.06367679366615135,0.23941406413674654
0000319201,Information Technology,2023,0.0979772530236165,0.27157915412368216
0000319201,Information Technology,2024,0.11538229970038184,0.26720665875300853
0000319201,Information Technology,2025,,
0000320187,Consumer Discretionary,2015,0.023084841891956302,0.22407104163604538
0000320187,Consumer Discretionary,2016,0.02241135487387912,0.1946570571368918
0000320187,Consumer Discretionary,2017,0.023000580202308638,0.18533384411402057
0000320187,Consumer Discretionary,2018,0.025172684289970597,0.21561189104398099
0000320187,Consumer Discretionary,2019,0.029746644339775936,0.21865921105250238
0000320187,Consumer Discretionary,2020,0.031239820626482114,0.19908051214338207
0000320187,Consumer Discretionary,2021,0.025238476354524166,0.176951062971374
0000320187,Consumer Discretionary,2022,0.05711557039036825,0.2194845419291076
0000320187,Consumer Discretionary,2023,0.06020122224838786,0.2314044464122564
0000320187,Consumer Discretionary,2024,0.06116660132762244,0.2317809343103004
0000320187,Consumer Discretionary,2025,,
0000320193,Information Technology,2015,0.007736154324828872,0.129451793167737
0000320193,Information Technology,2016,0.007909172088276566,0.13028759613954444
0000320193,Information Technology,2017,0.008243890148652054,0.14355600089067022
0000320193,Information Technology,2018,0.010119480834546335,0.12788150556004385
0000320193,Information Technology,2019,0.009015392132909845,0.17393893948414166
0000320193,Information Technology,2020,0.007629002090438992,0.1458089786525711
0000320193,Information Technology,2021,0.015306866171069786,0.1478838995842262
0000320193,Information Technology,2022,0.03806545464159114,0.15733246277179228
0000320193,Information Technology,2023,0.0386981248378915,0.16181880113786534
0000320193,Information Technology,2024,0.03855671692823252,0.17125753910984867
0000320335,Financials,2020,0.007759623992837959,0.05708955223880596
0000320335,Financials,2021,0.0052054794520547945,0.040213876692094454
0000320335,Financials,2022,0.09163611171340783,0.06310467799454583
0000320335,Financials,2023,0.0822493103543346,0.07694304677291065
0000320335,Financials,2024,0.07312104321174566,0.07686010806845757
0000320335,Financials,2025,,
0000352541,Utilities,2015,0.401956368935179,0.06492628803074722
0000352541,Utilities,2016,0.38754902634628463,0.06494856445093526
0000352541,Utilities,2017,0.43955452354530566,0.07662562516203208
0000352541,Utilities,2018,0.40041243887065575,0.055855144283364855
0000352541,Utilities,2019,0.5218711737617036,0.07448206075459124
0000352541,Utilities,2020,0.4870754195270331,0.06970221337375258
0000352541,Utilities,2021,0.4033930891677089,0.08000556263334009
0000352541,Utilities,2022,0.5147144054899528,0.09323038497308571
0000352541,Utilities,2023,0.5733138020978985,0.0960073929822599
0000352541,Utilities,2024,0.635921595752424,0.07997960927432536
0000352541,Utilities,2025,,
0000352915,Health Care,2015,0.013189927921182239,0.39290423357526194
0000352915,Health Care,2016,0.012983403717208415,0.3804001594872968
0000352915,Health Care,2017,0.016436766957688642,0.3788357102208883
0000352915,Health Care,2018,0.016834442269924053,0.36095154481225306
0000352915,Health Care,2019,0.01822636004258625,0.3558985052828896
0000352915,Health Care,2020,0.019715583627807166,0.34351233113792606
0000352915,Health Care,2021,0.014609032522645074,0.27704101755324567
0000352915,Health Care,2022,0.028531408337691497,0.33411827283311124
0000352915,Health Care,2023,0.02728626884501023,0.3640586896196728
0000352915,Health Care,2024,0.07966956006465192,0.3510239685621974
0000352915,Health Care,2025,,
0000354190,Financials,2015,0.09264150631351761,0.2941881261687597
0000354190,Financials,2016,0.08792315589042986,0.2647797154041146
0000354190,Financials,2017,0.08461640248471981,0.261877352644254
0000354190,Financials,2018,0.08866107514776245,0.1999541232761047
0000354190,Financials,2019,0.1017483155918944,0.19696121285896087
0000354190,Financials,2020,0.10456377161994668,0.1946515543248957
0000354190,Financials,2021,0.10045499315879428,0.19777607835368807
0000354190,Financials,2022,0.1054103805013093,0.23321772470512483
0000354190,Financials,2023,0.12309578901137667,0.2689368810762652
0000354190,Financials,2024,0.1304439903730055,0.3168029063122032
0000354190,Financials,2025,,
0000354950,Consumer Discretionary,2015,0.1460059313131484,0.16164861246892592
0000354950,Consumer Discretionary,2016,0.14988853994138693,0.12918616090795104
0000354950,Consumer Discretionary,2017,0.16630636828836914,0.1237168836430445
0000354950,Consumer Discretionary,2018,0.16109948672017635,0.1163516234315941
0000354950,Consumer Discretionary,2019,0.19574321282259838,0.12906449398936148
0000354950,Consumer Discretionary,2020,0.16691980269331436,0.12123613272628855
0000354950,Consumer Discretionary,2021,0.16344569971295098,0.1337622185434721
0000354950,Consumer Discretionary,2022,0.26991641638378955,0.1948594269042544
0000354950,Consumer Discretionary,2023,0.25370649045346405,0.20381116347787123
0000354950,Consumer Discretionary,2024,0.2387800459469069,0.20120799681290527
0000354950,Consumer Discretionary,2025,,
0000702165,Industrials,2015,0.14298008263310205,0.18732357658380114
0000702165,Industrials,2016,0.14394841417719398,0.1940527751611284
0000702165,Industrials,2017,0.15757828959497944,0.20719373754839682
0000702165,Industrials,2018,0.15172617717974646,0.208643338259314
0000702165,Industrials,2019,0.16489087963404173,0.18931939341101003
0000702165,Industrials,2020,0.15577178950303758,0.1804938096153685
0000702165,Industrials,2021,0.12839029537269805,0.20617754745064806
0000702165,Industrials,2022,0.19342604454969106,0.28111112978657266
0000702165,Industrials,2023,0.21097822364851498,0.25997128358250393
0000702165,Industrials,2024,0.17593984962406012,0.2794203488313915
0000702165,Industrials,2025,,
0000707549,Information Technology,2015,0.026189410824314367,0.15318540121743232
0000707549,Information Technology,2016,0.021669814662770636,0.12986668762806483
0000707549,Information Technology,2017,0.02894918396032015,0.17306260345355667
0000707549,Information Technology,2018,0.026637201416016255,0.16032477554055896
0000707549,Information Technology,2019,0.03208985381830421,0.15408177315064556
0000707549,Information Technology,2020,0.02785388600089923,0.13779683794288267
0000707549,Information Technology,2021,0.034238635264001074,0.16588632155273686
0000707549,Information Technology,2022,0.05788076230439768,0.2083147996232723
0000707549,Information Technology,2023,0.06028110992387957,0.21556744053152405
0000707549,Information Technology,2024,0.060605216937966916,0.22962119704599496
0000707549,Information Technology,2025,,
0000711404,Health Care,2015,0.013619894528957885,0.20021281734224816
0000711404,Health Care,2016,0.012353702266089978,0.18972458372280926
0000711404,Health Care,2017,0.01184347246153206,0.21586989270900084
0000711404,Health Care,2018,0.011621143230394345,0.21026027710382167
0000711404,Health Care,2019,0.015026283405275748,0.20380953983738495
0000711404,Health Care,2020,0.01084839456841607,0.21037909207100067
0000711404,Health Care,2021,0.020383514783593248,0.19089588230036056
0000711404,Health Care,2022,0.022969375581073655,0.25721536968871217
0000711404,Health Care,2023,0.03586539576585263,0.23994321825276424
0000711404,Health Care,2024,0.03827568981401701,0.25642977667024014
0000712515,Communication Services,2015,0.0,0.11131415068157438
0000712515,Communication Services,2016,0.0,0.16046326875366385
0000712515,Communication Services,2017,0.0,0.16271155055779138
0000712515,Communication Services,2018,0.0039911493840449706,0.14367267005879866
0000712515,Communication Services,2019,0.004152599594868332,0.14160664214800864
0000712515,Communication Services,2020,0.003575332577085697,0.13233723067692335
0000712515,Communication Services,2021,0.0029586374695863746,0.13048877582982926
0000712515,Communication Services,2022,0.017396356884987075,0.21760950798295808
0000712515,Communication Services,2023,0.012710391183285706,0.22334402008294713
0000712515,Communication Services,2024,0.011316706248993568,0.20989685067386382
0000712515,Communication Services,2025,,
0000713676,Financials,2015,0.004320814777773355,0.24322121716036832
0000713676,Financials,2016,0.004187811094059088,0.2187792887944868
0000713676,Financials,2017,0.0048183980513717755,0.22118252061026944
0000713676,Financials,2018,0.006135557933122658,0.21564132671570876
0000713676,Financials,2019,0.010819013131233467,0.21320625428474854
0000713676,Financials,2020,0.010874687406192223,0.21366232648774502
0000713676,Financials,2021,0.011029644249790558,0.15883320947754317
0000713676,Financials,2022,0.04656786535675453,0.23270516368476651
0000713676,Financials,2023,0.05525855465514473,0.2437479009473683
0000713676,Financials,2024,0.05589549402530023,0.24017086370419297
0000713676,Financials,2025,,
0000715957,Utilities,2017,0.2432295401901238,0.13506284581708675
0000715957,Utilities,2018,0.24690760198656095,0.10877316607576014
0000715957,Utilities,2019,0.27381512886565496,0.11766464964637321
0000715957,Utilities,2020,0.30427382183904284,0.12900500995584457
0000715957,Utilities,2021,0.3624444648236066,0.13179652503932787
0000715957,Utilities,2022,0.49906321093939565,0.13566676978601283
0000715957,Utilities,2023,0.5245282156530364,0.1459117824399066
0000715957,Utilities,2024,0.5341250881458327,0.14200909349246946
0000715957,Utilities,2025,,
0000719955,Consumer Discretionary,2015,0.005981524249422632,0.15610878009508197
0000719955,Consumer Discretionary,2016,0.005836392732749694,0.15056758750557403
0000719955,Consumer Discretionary,2017,0.005942608063930258,0.14618269340745638
0000719955,Consumer Discretionary,2018,0.006046933043399474,0.1554041057422761
0000719955,Consumer Discretionary,2019,0.006194913120120877,0.1380312960017034
0000719955,Consumer Discretionary,2020,0.012412286982672206,0.12672742100615966
0000719955,Consumer Discretionary,2021,0.014529228847002938,0.1457859716845323
0000719955,Consumer Discretionary,2022,0.059791719949987436,0.23920665416691678
0000719955,Consumer Discretionary,2023,0.07113331666248793,0.24506572479423186
0000719955,Consumer Discretionary,2024,0.09595653577296308,0.16664494972287852
0000719955,Consumer Discretionary,2025,,
0000720005,Financials,2015,0.005572266220293951,0.24489759883792264
0000720005,Financials,2016,0.005501983027155565,0.2643104132928519
0000720005,Financials,2017,0.005764564851944175,0.2852971357820483
0000720005,Financials,2018,0.006132691021795413,0.26629449106432607
0000720005,Financials,2019,0.0016241197183098591,0.30432980403000653
0000720005,Financials,2020,0.0014039847736292217,0.2590504591760732
0000720005,Financials,2021,0.012879962782333481,0.24947944418789375
0000720005,Financials,2022,0.004564240082025396,0.3256323821584465
0000720005,Financials,2023,0.004490481522956328,0.32934536379385204
0000720005,Financials,2024,0.015633954368357822,0.33091286157908095
0000721371,Health Care,2015,0.009029633933759442,0.4405578152237071
0000721371,Health Care,2016,0.009069631363370393,0.35061439438267994
0000721371,Health Care,2017,0.00932459390139641,0.2764890282131661
0000721371,Health Care,2018,0.007958502265680897,0.18115907464822326
0000721371,Health Care,2019,0.00818544809228039,0.23070097604259096
0000721371,Health Care,2020,0.005834735779198923,0.30212049814877145
0000721371,Health Care,2021,0.020195980734097327,0.3707025411061286
0000721371,Health Care,2022,0.036661387393094706,0.4060183718720305
0000721371,Health Care,2023,0.048798296318831764,0.49414359598418006
0000721371,Health Care,2024,0.11948966573105385,0.47154886450625166
0000721371,Health Care,2025,,
0000723125,Information Technology,2015,0.03854872993886393,0.3304438741962115
0000723125,Information Technology,2016,0.026801869124133338,0.3168993619203474
0000723125,Information Technology,2017,0.031171988676985424,0.37336921823490804
0000723125,Information Technology,2018,0.03346808066643742,0.3196742459314605
0000723125,Information Technology,2019,0.04668086471592403,0.336014631866533
0000723125,Information Technology,2020,0.05108256425127729,0.1782709031193144
0000723125,Information Technology,2021,0.05080479468401781,0.19518688709601267
0000723125,Information Technology,2022,0.08950488602288012,0.26069995199707036
0000723125,Information Technology,2023,0.11528803594624425,0.2741142692058345
0000723125,Information Technology,2024,0.10929257826796407,0.28611597963841623
0000723254,Industrials,2015,0.10933966677462305,0.5022734243936878
0000723254,Industrials,2016,0.1147747957089191,0.48202006119050383
0000723254,Industrials,2018,0.12964674868189804,0.49437080998498945
0000723254,Industrials,2019,0.11523286829319913,0.45551122079479667
0000723254,Industrials,2020,0.0948336165913953,0.3834395055859282
0000723254,Industrials,2021,0.1304874629881473,0.32460003612476823
0000723254,Industrials,2022,0.2711155610363268,0.3740131922675027
0000723254,Industrials,2023,0.29226318343434105,0.4173633205515555
0000723254,Industrials,2024,0.25690160913195603,0.4402718126561317
0000723254,Industrials,2025,,
0000723531,Industrials,2015,0.007727498756837393,0.13355604177026356
0000723531,Industrials,2016,0.007074395253308992,0.13795639774754084
0000723531,Industrials,2018,0.0053684041184041175,0.20390463202389808
0000723531,Industrials,2019,0.004546574667323805,0.19989060419066096
0000723531,Industrials,2020,0.0036494736842105266,0.2153485553646728
0000723531,Industrials,2021,0.006229508196721311,0.21835775790693826
0000723531,Industrials,2022,0.011479865106129737,0.26692682219292313
0000723531,Industrials,2023,0.011672528770870105,0.2966511826185776
0000723531,Industrials,2024,0.015492430884570476,0.303060778631673
0000723531,Industrials,2025,,
0000726728,Real Estate,2015,0.09175329144792649,0.20788106443384446
0000726728,Real Estate,2016,0.09501279486211456,0.19182765096634505
0000726728,Real Estate,2017,0.11258514054610315,0.2089469840937662
0000726728,Real Estate,2018,0.11396370676776471,0.1693721326147427
0000726728,Real Estate,2019,0.13513311774487305,0.22701786738264285
0000726728,Real Estate,2020,0.10209079475245932,0.223017412429563
0000726728,Real Estate,2021,0.06822865647456895,0.17453476488436584
0000726728,Real Estate,2022,0.1147998905123404,0.1962025569405204
0000726728,Real Estate,2023,0.15034135894070608,0.22674030847889118
0000726728,Real Estate,2024,0.1736130155890262,0.1611058914997354
0000726728,Real Estate,2025,,
0000728535,Industrials,2015,0.12019983391830802,0.12838315203184308
0000728535,Industrials,2016,0.12170534511856924,0.1245511323555404
0000728535,Industrials,2017,0.12253041404551061,0.1236694169915677
0000728535,Industrials,2018,0.11511816198941552,0.1636719126859318
0000728535,Industrials,2019,0.12571451054959384,0.17128287814889878
0000728535,Industrials,2020,0.165571165601556,0.19484579049736037
0000728535,Industrials,2021,0.134472482024112,0.1481013813050765
0000728535,Industrials,2022,0.16603309819146617,0.1719599281471589
0000728535,Industrials,2023,0.1658055390449595,0.16563552934764214
0000728535,Industrials,2024,0.1781187742801189,0.1890495187193492
0000728535,Industrials,2025,,
0000731766,Health Care,2015,0.0016789109766637857,0.18822621618684882
0000731766,Health Care,2016,0.0017115724381625442,0.1612417858808393
0000731766,Health Care,2017,0.0018195973751529307,0.17617348359210153
0000731766,Health Care,2018,0.001864662494412159,0.19377411516881918
0000731766,Health Care,2019,0.0020375483158475978,0.208694983128294
0000731766,Health Care,2020,0.0019034808389151202,0.19707305470333936
0000731766,Health Care,2021,0.0015451865406119752,0.16853734839726847
0000731766,Health Care,2022,0.003824345757335448,0.20256196868289866
0000731766,Health Care,2023,0.01026941200573653,0.2008972720937055
0000731766,Health Care,2024,0.008273900233668597,0.2125347409779076
0000731766,Health Care,2025,,
0000731802,Utilities,2015,0.05357853220412049,0.13582086093676324
0000731802,Utilities,2016,0.05302643300734162,0.12678456641488772
0000731802,Utilities,2017,0.07733298383573613,0.13128440366972477
0000731802,Utilities,2018,0.08345335511558562,0.12222101662981237
0000731802,Utilities,2019,0.09955410891886268,0.1510757769896073
0000731802,Utilities,2020,0.08554183728659541,0.14482568268856852
0000731802,Utilities,2021,0.08402215916211313,0.12596400668924373
0000731802,Utilities,2022,0.10427745594527736,0.15709067413449176
0000731802,Utilities,2023,0.11474118748250492,0.18141058563502235
0000731802,Utilities,2024,0.09158401315601021,0.16463437205978376
0000732712,Communication Services,2015,0.0,0.11752305665349144
0000732712,Communication Services,2016,0.0,0.11282952548330404
0000732712,Communication Services,2017,0.0,0.1706546275395034
0000732712,Communication Services,2018,0.010817732393224734,0.09651805520591951
0000732712,Communication Services,2019,0.014367915549017911,0.09364577048378625
0000732712,Communication Services,2020,0.014346029537633153,0.09984351738539092
0000732712,Communication Services,2021,0.009823580858922985,0.10134660105938796
0000732712,Communication Services,2022,0.056952436145953377,0.11824193298887047
0000732712,Communication Services,2023,0.06432775193410697,0.11679432189542485
0000732712,Communication Services,2024,0.08272374788026075,0.1879890756718767
0000732712,Communication Services,2025,,
0000732717,Communication Services,2015,0.002897631922431475,0.13436792000638814
0000732717,Communication Services,2016,0.0,0.11625295789403103
0000732717,Communication Services,2017,0.0,0.12237829489681833
0000732717,Communication Services,2018,0.0,0.11241399668409761
0000732717,Communication Services,2019,0.016099476439790577,0.12245653312451163
0000732717,Communication Services,2020,0.010359561752988048,0.11493632965382132
0000732717,Communication Services,2021,0.008249138104000261,0.11697858262515126
0000732717,Communication Services,2022,0.0549917794189394,0.13527819427530052
0000732717,Communication Services,2023,0.07957612319415781,0.182225549694996
0000732717,Communication Services,2024,0.09491078604725928,0.20478133028847129
0000732717,Communication Services,2025,,
0000740260,Real Estate,2015,0.029097719996405428,0.09916474978618121
0000740260,Real Estate,2016,0.029113534363384038,0.09578087027554333
0000740260,Real Estate,2017,0.028487363439618833,0.09690491829292372
0000740260,Real Estate,2018,0.03546042463579249,0.10316571986071339
0000740260,Real Estate,2019,0.049315516259969716,0.11417738483522402
0000740260,Real Estate,2020,0.046316603614891295,0.1165892346176742
0000740260,Real Estate,2021,0.052111795367402014,0.15648797723913205
0000740260,Real Estate,2022,0.0571474922045667,0.1766955389892943
0000740260,Real Estate,2023,0.054967070238411415,0.18550192164455664
0000740260,Real Estate,2024,0.05130014604894927,0.21278571057574944
0000740260,Real Estate,2025,,
0000745732,Consumer Discretionary,2015,0.0,0.029188481675392675
0000745732,Consumer Discretionary,2016,0.01056338028169014,0.08595076491948489
0000745732,Consumer Discretionary,2017,0.010038862753119247,0.0851139281325675
0000745732,Consumer Discretionary,2018,0.010101917255297679,0.08044803383178659
0000745732,Consumer Discretionary,2019,0.011074429771908763,0.07870849832470302
0000745732,Consumer Discretionary,2020,0.008891263463839973,0.06715043015004474
0000745732,Consumer Discretionary,2021,0.009065155807365438,0.0707840365116509
0000745732,Consumer Discretionary,2022,0.014536548605877919,0.08813022137410766
0000745732,Consumer Discretionary,2023,0.028588403041825097,0.1474094098007732
0000745732,Consumer Discretionary,2024,0.023900721113533457,0.2200504603289677
0000745732,Consumer Discretionary,2025,,
0000746515,Industrials,2015,0.029693500526466927,0.2371963394974786
0000746515,Industrials,2016,0.02701149425287356,0.1772092448399456
0000746515,Industrials,2017,0.06360003786599532,0.21367968246292715
0000746515,Industrials,2018,0.0694773261217085,0.21253692820604397
0000746515,Industrials,2019,0.07751585114858583,0.22078357963237052
0000746515,Industrials,2020,0.09412401288242835,0.20809641153792885
0000746515,Industrials,2021,0.06436027065825174,0.16223959133440657
0000746515,Industrials,2022,0.1403669956032222,0.1820338379664208
0000746515,Industrials,2023,0.15881971537330014,0.26603941158236794
0000746515,Industrials,2024,0.16502259766525187,0.277052535272307
0000746515,Industrials,2025,,
0000749251,Information Technology,2015,0.0027229717890310144,0.229283694583805
0000749251,Information Technology,2016,0.0049935567010309274,0.22694227372270312
0000749251,Information Technology,2017,0.0043545381953686456,0.21906711693142017
0000749251,Information Technology,2018,0.004851701075894155,0.25813254314560885
0000749251,Information Technology,2019,0.005025878507218741,0.22510461800926013
0000749251,Information Technology,2020,0.004554052278996453,0.2710666059895668
0000749251,Information Technology,2021,0.0036777159448342605,0.28064790404516216
0000749251,Information Technology,2022,0.014626299826689775,0.3564073744969597
0000749251,Information Technology,2023,0.06446616343957504,0.39458506124407866
0000749251,Information Technology,2024,0.09622676091058864,0.41596887190268445
0000749251,Information Technology,2025,,
0000753308,Utilities,2015,0.34886191359916596,0.12816785647920068
0000753308,Utilities,2016,0.3391953456259351,0.12467928216892984
0000753308,Utilities,2017,0.33881395507787154,0.12307596933309795
0000753308,Utilities,2018,0.33692376908885957,0.1252577237759328
0000753308,Utilities,2019,0.3672940252956815,0.12064913132143573
0000753308,Utilities,2020,0.35810670974740477,0.1067521348467355
0000753308,Utilities,2021,0.31733777934771495,0.08079336799369308
0000753308,Utilities,2022,0.4152515635643252,0.09860135014505007
0000753308,Utilities,2023,0.5086861389539729,0.10916292231892152
0000753308,Utilities,2024,0.5349342382887353,0.1132084053263358
0000753308,Utilities,2025,,
0000759944,Financials,2015,0.005263595384250442,0.2893177513886246
0000759944,Financials,2016,0.007536018372987696,0.17426965571749875
0000759944,Financials,2017,0.006266625913978576,0.18996349226081957
0000759944,Financials,2018,0.003932359179825595,0.19059390172931448
0000759944,Financials,2019,0.0,0.18853574616960359
0000759944,Financials,2020,0.0,0.2191156605095679
0000759944,Financials,2021,0.0,0.20096362762410502
0000759944,Financials,2022,0.02538677417927277,0.27435519424048255
0000759944,Financials,2023,0.0678087618227103,0.27115853703888465
0000759944,Financials,2024,0.04397936296825997,0.2733901115971006
0000759944,Financials,2025,,
0000764180,Consumer Staples,2015,0.08095414097227036,0.2742856919644182
0000764180,Consumer Staples,2016,0.0753184994445079,0.23250677492705923
0000764180,Consumer Staples,2017,0.08164692967751434,0.28105255954105024
0000764180,Consumer Staples,2018,0.08400701590282023,0.2715612442074794
0000764180,Consumer Staples,2019,0.09159542994170314,0.2702618926658013
0000764180,Consumer Staples,2020,0.0928060261218156,0.22036467089098669
0000764180,Consumer Staples,2021,0.06740335400749121,0.292280931097585
0000764180,Consumer Staples,2022,0.09131665750306368,0.3614609339834513
0000764180,Consumer Staples,2023,0.1140441555173284,0.413629193102787
0000764180,Consumer Staples,2024,0.1132602265418402,0.36762381227082547
0000764180,Consumer Staples,2025,,
0000764478,Consumer Discretionary,2015,0.08804802583979784,0.2647595231187265
0000764478,Consumer Discretionary,2016,0.07722990856804743,0.29370697984575844
0000764478,Consumer Discretionary,2017,0.08543657276031869,0.3072048743731767
0000764478,Consumer Discretionary,2018,0.0761947122891019,0.2784675290265805
0000764478,Consumer Discretionary,2019,0.07217373578947915,0.24438038652034033
0000764478,Consumer Discretionary,2020,0.09643363839929431,0.2286338360277528
0000764478,Consumer Discretionary,2021,0.08436326823301134,0.2526893011835279
0000764478,Consumer Discretionary,2022,0.19265201688600936,0.3175951348864634
0000764478,Consumer Discretionary,2023,0.20967083697350278,0.3411360948744805
0000764478,Consumer Discretionary,2024,0.172282018894277,0.34754240485016574
0000764478,Consumer Discretionary,2025,,
0000764622,Utilities,2015,0.557294776077426,0.1759627891355229
0000764622,Utilities,2016,0.4737645500541744,0.20890627971055245
0000764622,Utilities,2017,0.511833983012254,0.2187861420694543
0000764622,Utilities,2018,0.5318819500991768,0.17892571040519978
0000764622,Utilities,2019,0.6208818669722004,0.18709505718707914
0000764622,Utilities,2020,0.6324859902847398,0.17207470861419663
0000764622,Utilities,2021,0.524917246736516,0.1344388173275633
0000764622,Utilities,2022,0.6572541192832576,0.16910478701528942
0000764622,Utilities,2023,0.7274556596471253,0.18235180448776536
0000764622,Utilities,2024,0.7338578992539776,0.1859389978213508
0000764622,Utilities,2025,,
0000765880,Real Estate,2025,,
0000766704,Real Estate,2018,0.03214524421808819,0.1516498707603948
0000766704,Real Estate,2019,0.05311745776543573,0.11984142601663476
0000766704,Real Estate,2020,0.059431392037589945,0.12085756430608431
0000766704,Real Estate,2021,0.04981692063110082,0.12255765507667497
0000766704,Real Estate,2022,0.06360961601153249,0.14996621988735243
0000766704,Real Estate,2023,0.060885686164152325,0.1445033308039917
0000766704,Real Estate,2024,0.06601315745266198,0.14685340312494355
0000766704,Real Estate,2025,,
0000769397,Information Technology,2015,0.022240289010501405,0.19326325839372874
0000769397,Information Technology,2016,0.07659584988859737,0.18277290171704352
0000769397,Information Technology,2017,0.085625479055485,0.18381567311393932
0000769397,Information Technology,2018,0.07348181031261383,0.20742413432589524
0000769397,Information Technology,2019,0.08361163517183429,0.22115453650336603
0000769397,Information Technology,2020,0.09219927311408563,0.19157211240138286
0000769397,Information Technology,2021,0.07126791138846342,0.19140760954154204
0000769397,Information Technology,2022,0.08996039406696044,0.23221807114571982
0000769397,Information Technology,2023,0.09943694777243087,0.24553708648455663
0000769397,Information Technology,2024,0.09620328204480898,0.31601351002362754
0000769397,Information Technology,2025,,
0000773840,Industrials,2015,0.18930094594284258,0.19544210458190414
0000773840,Industrials,2016,0.19064685906291431,0.18855279673726782
0000773840,Industrials,2017,0.12551165223360986,0.15105812208990074
0000773840,Industrials,2018,0.17983546200067194,0.18599680195040635
0000773840,Industrials,2019,0.1958437815038413,0.19457745744446633
0000773840,Industrials,2020,0.18219477825655028,0.1855004149513301
0000773840,Industrials,2021,0.0,0.0
0000773840,Industrials,2022,0.16357017543859648,0.2584795321637427
0000773840,Industrials,2023,0.048313253012048196,0.3216867469879518
0000773840,Industrials,2024,0.0,0.3265017667844523
0000773840,Industrials,2025,,
0000779152,Financials,2015,0.004742142203234666,0.46346621122425513
0000779152,Financials,2016,0.0,0.303029007735955
0000779152,Financials,2017,0.0,0.2849786408340035
0000779152,Financials,2018,0.005060661207158022,0.26396178985489427
0000779152,Financials,2019,0.005857142857142857,0.280552674687906
0000779152,Financials,2020,0.00441993880673126,0.2713649391111152
0000779152,Financials,2021,0.007840850010075597,0.25280453951881493
0000779152,Financials,2022,0.01800974723074505,0.3006268914415615
0000779152,Financials,2023,0.018916490190772864,0.32191226818670743
0000779152,Financials,2024,0.02198937482678631,0.3227607147013995
0000779152,Financials,2025,,
0000783325,Utilities,2015,0.26416302639633826,0.07628286815628102
0000783325,Utilities,2016,0.20384300335664146,0.10893882951929314
0000783325,Utilities,2017,0.23185071540582783,0.0820516315288887
0000783325,Utilities,2018,0.24556298372655733,0.12162286791025
0000783325,Utilities,2019,0.30852881493015105,0.10803873470504621
0000783325,Utilities,2020,0.29440753209073517,0.10734448086865257
0000783325,Utilities,2021,0.3201176111209414,0.12322195906749356
0000783325,Utilities,2022,0.4789418956632225,0.10415947311691114
0000783325,Utilities,2023,0.4963263901694651,0.10281614900515357
0000783325,Utilities,2024,0.5200795782540649,0.10347053796613677
0000783325,Utilities,2025,,
0000788784,Utilities,2015,0.30907570302136966,0.09677297344811427
0000788784,Utilities,2016,0.2746178317711399,0.11002331969873062
0000788784,Utilities,2017,0.28544802264199926,0.10697799773042492
0000788784,Utilities,2018,0.27781994582078506,0.10759610247292847
0000788784,Utilities,2019,0.3474367515764542,0.10041265886743336
0000788784,Utilities,2020,0.36061890899738125,0.08622427983539094
0000788784,Utilities,2021,0.2970132492837872,0.09676303663773984
0000788784,Utilities,2022,0.4517519778359373,0.11786097974763989
0000788784,Utilities,2023,0.4043188933742296,0.11823259425798383
0000788784,Utilities,2024,0.396207551321521,0.11545194456888941
0000788784,Utilities,2025,,
0000789019,Information Technology,2015,0.0,0.03473520249221184
0000789019,Information Technology,2016,0.0,0.06484848484848485
0000789019,Information Technology,2017,0.006861456731441353,0.17984855528667296
0000789019,Information Technology,2018,0.009601219933248934,0.18715078813299668
0000789019,Information Technology,2019,0.010337292693859256,0.19739381124962233
0000789019,Information Technology,2020,0.01494421211452242,0.19311146227021064
0000789019,Information Technology,2021,0.019953669328678113,0.19535853554013188
0000789019,Information Technology,2022,0.043329280746989,0.23035980858808644
0000789019,Information Technology,2023,0.04590494523048278,0.24597982689212644
0000789019,Information Technology,2024,0.03861605238398639,0.24168243866698563
0000789019,Information Technology,2025,,
0000789570,Consumer Discretionary,2015,0.06988608932047163,0.19778251635351213
0000789570,Consumer Discretionary,2016,0.07109993187060487,0.1815757957640186
0000789570,Consumer Discretionary,2017,0.07257261679877328,0.24752009840530684
0000789570,Consumer Discretionary,2018,0.0921332654030412,0.24585571559216354
0000789570,Consumer Discretionary,2019,0.09411312913162426,0.2210187132807246
0000789570,Consumer Discretionary,2020,0.08333937204561226,0.2072139617585052
0000789570,Consumer Discretionary,2021,0.05835505519211589,0.16795989908210357
0000789570,Consumer Discretionary,2022,0.08503923295898011,0.2157782935800399
0000789570,Consumer Discretionary,2023,0.12718089779817746,0.18698768738235239
0000789570,Consumer Discretionary,2024,0.19096769414181253,0.22851124463297007
0000789570,Consumer Discretionary,2025,,
0000796343,Information Technology,2015,0.0016217908578584845,0.1641942809434356
0000796343,Information Technology,2016,0.009214306945407707,0.15263649914396693
0000796343,Information Technology,2017,0.010031681144609096,0.15149257882495673
0000796343,Information Technology,2018,0.007208900410455821,0.18743423695065345
0000796343,Information Technology,2019,0.011384204031262854,0.1758103861024611
0000796343,Information Technology,2020,0.01815411316927361,0.15789219015309386
0000796343,Information Technology,2021,0.015140095816045269,0.13422134107806477
0000796343,Information Technology,2022,0.019213147410358563,0.18650977950157635
0000796343,Information Technology,2023,0.023641723356009073,0.19555748131981238
0000796343,Information Technology,2024,0.018736196319018406,0.21585751877973777
0000796343,Information Technology,2025,,
0000797468,Energy,2015,0.19808795411089863,0.1705544933078394
0000797468,Energy,2016,0.19060927892677473,0.19139183901621015
0000797468,Energy,2017,0.300030565461029,0.17972491085073866
0000797468,Energy,2018,0.3158044164037855,0.2282109058134295
0000797468,Energy,2019,0.6024489795918367,0.21830903790087466
0000797468,Energy,2020,0.4612546311889525,0.14429100707308856
0000797468,Energy,2021,0.38366740905716407,0.12703786191536748
0000797468,Energy,2022,0.5842235682819383,0.1460352422907489
0000797468,Energy,2023,0.7790563620836891,0.19000853970964987
0000797468,Energy,2024,0.7158511573395838,0.1928948139466745
0000797468,Energy,2025,,
0000798354,Financials,2024,0.002454786592717627,0.24847752477501045
0000798354,Financials,2025,,
0000804328,Information Technology,2015,0.018559036433114292,0.1149585063641812
0000804328,Information Technology,2016,0.01425849076614217,0.11632084780935557
0000804328,Information Technology,2017,0.028984848121269877,0.14494375464926143
0000804328,Information Technology,2018,0.02816201558548223,0.13167410880984787
0000804328,Information Technology,2019,0.027000313321543574,0.1486754045847672
0000804328,Information Technology,2020,0.03293456681375632,0.13353607524118546
0000804328,Information Technology,2021,0.0690319773508342,0.14139390168644525
0000804328,Information Technology,2022,0.07774446023844749,0.17909639138982658
0000804328,Information Technology,2023,0.08943804884381412,0.19153105158707404
0000804328,Information Technology,2024,0.09795438551049887,0.2126710999006731
0000811156,Utilities,2015,0.23015861395688744,0.22639884267741167
0000811156,Utilities,2016,0.24497270532800774,0.15296685498274282
0000811156,Utilities,2017,0.2735703882907947,0.1500132503375518
0000811156,Utilities,2018,0.37875138692241245,0.13387251890043547
0000811156,Utilities,2019,0.3550487113573863,0.15272177407629273
0000811156,Utilities,2020,0.3346100362194155,0.16229661736294357
0000811156,Utilities,2021,0.3055755584556028,0.13279815256484137
0000811156,Utilities,2022,0.43365666423698257,0.15152853820448187
0000811156,Utilities,2023,0.5143925669592008,0.15490826649337439
0000811156,Utilities,2024,0.6477796423996143,0.14081479341661096
0000811156,Utilities,2025,,
0000813672,Information Technology,2015,0.001339655172413793,0.15552947719688542
0000813672,Information Technology,2016,0.0013720456758431442,0.15122142274041006
0000813672,Information Technology,2017,0.0013957853425475642,0.16574741075837637
0000813672,Information Technology,2018,0.0013907643577561054,0.1466343628568024
0000813672,Information Technology,2019,0.0030110159118727046,0.1541891997073429
0000813672,Information Technology,2020,0.005490102929532859,0.15524541751787863
0000813672,Information Technology,2021,0.021958052823313697,0.17925391155097198
0000813672,Information Technology,2022,0.038750508781569895,0.21465351221339582
0000813672,Information Technology,2023,0.028008739481558492,0.2534495749968154
0000813672,Information Technology,2024,0.059971346373750005,0.2748199425536694
0000813672,Information Technology,2025,,
0000814547,Information Technology,2015,0.0019874664279319605,0.050764897976638364
0000814547,Information Technology,2016,0.0,0.05862375336729111
0000814547,Information Technology,2017,0.0,0.0762779200435912
0000814547,Information Technology,2018,0.0,0.07578145355605012
0000814547,Information Technology,2019,0.0,0.09168888545077916
0000814547,Information Technology,2020,0.0,0.11886653246018848
0000814547,Information Technology,2021,0.0,0.16700138502840126
0000814547,Information Technology,2022,0.0,0.18249388318954346
0000814547,Information Technology,2023,0.0,0.16864446651650947
0000814547,Information Technology,2024,0.008071666661276693,0.1772915822033253
0000815097,Consumer Discretionary,2015,0.15587656542185763,0.1493796261535221
0000815097,Consumer Discretionary,2016,0.19006143651764656,0.16769659957148478
0000815097,Consumer Discretionary,2017,0.1804314125819895,0.21332029887308523
0000815097,Consumer Discretionary,2018,0.1860383291681142,0.2355491410615063
0000815097,Consumer Discretionary,2019,0.1728227185784987,0.16430408490899986
0000815097,Consumer Discretionary,2020,0.18972904146719782,0.22943014744936294
0000815097,Consumer Discretionary,2021,0.16751846894604572,0.22516774328002478
0000815097,Consumer Discretionary,2022,0.3811573036189311,0.2533579914750742
0000815097,Consumer Discretionary,2023,0.5403844349603786,0.22547631120316108
0000815097,Consumer Discretionary,2024,0.6578434747471343,0.2396024255227634
0000815097,Consumer Discretionary,2025,,
0000815556,Industrials,2015,0.007870849304738907,0.03960944703563446
0000815556,Industrials,2016,0.00697040496481577,0.07392359923966817
0000815556,Industrials,2017,0.010768074578471312,0.09158930098092562
0000815556,Industrials,2018,0.005892636411795867,0.07327863576897785
0000815556,Industrials,2019,0.006091119181247937,0.08016356693202967
0000815556,Industrials,2020,0.005678951678951679,0.07758902643060785
0000815556,Industrials,2021,0.007365870646580863,0.10285125006652913
0000815556,Industrials,2022,0.01702123832357399,0.16506056296042332
0000815556,Industrials,2023,0.02002349534010753,0.16730346843411817
0000815556,Industrials,2024,0.02027431368772991,0.18293982065960163
0000815556,Industrials,2025,,
0000820027,Financials,2015,0.007091656609844385,0.1614105421268745
0000820027,Financials,2016,0.004829051997429147,0.1499622419656478
0000820027,Financials,2017,0.005715313247836338,0.18201736414549635
0000820027,Financials,2018,0.0063366758394013635,0.18825823600493172
0000820027,Financials,2019,0.005987983613798568,0.19213201418782141
0000820027,Financials,2020,0.006726781880627059,0.169194309009951
0000820027,Financials,2021,0.013318207398844076,0.1643267687798364
0000820027,Financials,2022,0.023575742230455277,0.17407486270269074
0000820027,Financials,2023,0.02356487693355017,0.2089265597541835
0000820027,Financials,2024,0.02684135561424036,0.21304972824942114
0000820027,Financials,2025,,
0000820313,Information Technology,2015,0.027912060932462183,0.06316846673333304
0000820313,Information Technology,2016,0.02673233615496381,0.08179825847753315
0000820313,Information Technology,2017,0.03418852653192043,0.17414555880864757
0000820313,Information Technology,2018,0.07723332111853422,0.13529390566868024
0000820313,Information Technology,2019,0.06785944830731402,0.19353789111078926
0000820313,Information Technology,2020,0.06184028555752204,0.18819757271185436
0000820313,Information Technology,2021,0.05614429633793561,0.18141501644544122
0000820313,Information Technology,2022,0.1429511062309896,0.23658611661527115
0000820313,Information Technology,2023,0.1812179896670161,0.29414704513900064
0000820313,Information Technology,2024,0.19500336170679736,0.29157855910154457
0000820313,Information Technology,2025,,
0000821189,Energy,2015,0.19287835908162354,0.07194832888161988
0000821189,Energy,2016,0.21813794040015097,0.09448925957565586
0000821189,Energy,2017,0.23302778852874154,0.09537641568676675
0000821189,Energy,2018,0.2520170075682164,0.08591446155444182
0000821189,Energy,2019,0.2951696860260828,0.09293930084408897
0000821189,Energy,2020,0.2738636549999856,0.10767662570529246
0000821189,Energy,2021,0.2616883773212632,0.10995658215108582
0000821189,Energy,2022,0.40298262302794813,0.14750976655526962
0000821189,Energy,2023,0.4599781033160896,0.14318760065405564
0000821189,Energy,2024,0.5331423830051197,0.1590191099235675
0000821189,Energy,2025,,
0000822416,Consumer Discretionary,2015,0.0368333728371652,0.14799715572410524
0000822416,Consumer Discretionary,2016,0.029672170375687965,0.19459200765733425
0000822416,Consumer Discretionary,2017,0.03310065756196257,0.20075872534142641
0000822416,Consumer Discretionary,2018,0.025146948003014317,0.18285606631499624
0000822416,Consumer Discretionary,2019,0.04759535655058043,0.1839690436705362
0000822416,Consumer Discretionary,2020,0.06254735702688075,0.18401587587948762
0000822416,Consumer Discretionary,2021,0.0447915131869751,0.12058346839546191
0000822416,Consumer Discretionary,2022,0.058146194423511675,0.15321778447626225
0000822416,Consumer Discretionary,2023,0.0979322696190166,0.1666395310973624
0000822416,Consumer Discretionary,2024,0.09579673776662484,0.16665621079046425
0000822416,Consumer Discretionary,2025,,
0000823768,Industrials,2015,0.4852948209767919,0.10769043231742532
0000823768,Industrials,2016,0.5100072255253415,0.10697232438094817
0000823768,Industrials,2017,0.5634193906885958,0.11253086558839787
0000823768,Industrials,2018,0.5700811726569903,0.1061407401222631
0000823768,Industrials,2019,0.6885651451028159,0.11266802011169946
0000823768,Industrials,2020,0.612088761565686,0.12086013153020275
0000823768,Industrials,2021,0.48684546271873735,0.1305793403195463
0000823768,Industrials,2022,0.5627438849587234,0.13126588424624147
0000823768,Industrials,2023,0.6759867249775146,0.13780996643083743
0000823768,Industrials,2024,0.8028134487076884,0.176103718185187
0000823768,Industrials,2025,,
0000827054,Information Technology,2015,0.05896290604193315,0.1469995765745548
0000827054,Information Technology,2016,0.05703479525195976,0.1406438547032597
0000827054,Information Technology,2017,0.05488000860973655,0.2057790208710849
0000827054,Information Technology,2018,0.0522824870850363,0.21177166324789076
0000827054,Information Technology,2019,0.05102156075600104,0.2704220430996753
0000827054,Information Technology,2020,0.04485747973181678,0.24604137429225065
0000827054,Information Technology,2021,0.031230219847436336,0.3967171321114558
0000827054,Information Technology,2022,0.041603403359748437,0.3153126637259871
0000827054,Information Technology,2023,0.045055720091292446,0.32845754481871986
0000827054,Information Technology,2024,0.06529540170157487,0.3592467168449459
0000827054,Information Technology,2025,,
0000829224,Consumer Discretionary,2015,0.021105099473373246,0.20959109282826008
0000829224,Consumer Discretionary,2016,0.0209765763644086,0.19776331085652876
0000829224,Consumer Discretionary,2017,0.020147431306444002,0.24054055234335425
0000829224,Consumer Discretionary,2018,0.02844438702685862,0.23145176849313373
0000829224,Consumer Discretionary,2019,0.04286077760405912,0.26080341602997137
0000829224,Consumer Discretionary,2020,0.030857169228920987,0.2585684626888798
0000829224,Consumer Discretionary,2021,0.06548743984725627,0.22046202999191986
0000829224,Consumer Discretionary,2022,0.09840633572707105,0.2941860705627804
0000829224,Consumer Discretionary,2023,0.09902083409912779,0.28978519246916407
0000829224,Consumer Discretionary,2024,0.09944150105810257,0.30827387968649833
0000831001,Financials,2015,0.0,0.0
0000831001,Financials,2016,0.0,0.0
0000831001,Financials,2017,0.0,0.0
0000831001,Financials,2018,0.0,0.0
0000831001,Financials,2019,0.0,0.0
0000831001,Financials,2020,0.0,0.0
0000831001,Financials,2021,0.0,0.0
0000831001,Financials,2022,0.0,0.0
0000831001,Financials,2023,0.0,0.0
0000831001,Financials,2024,0.0,0.0
0000831001,Financials,2025,,
0000831259,Materials,2015,0.3304104734717984,0.15365685598976278
0000831259,Materials,2016,0.31785119621417934,0.13502760494259924
0000831259,Materials,2017,0.36345459594557067,0.151041377395168
0000831259,Materials,2018,0.3911116942184903,0.158715997550949
0000831259,Materials,2019,0.3981213218650973,0.18832050701674966
0000831259,Materials,2020,0.3594991910575085,0.1680247095161053
0000831259,Materials,2021,0.3401831129196337,0.14927093930145813
0000831259,Materials,2022,0.37197033374536465,0.18302843016069223
0000831259,Materials,2023,0.36142824127571066,0.1722613820198752
0000831259,Materials,2024,0.37519538188277085,0.18207149200710482
0000831259,Materials,2025,,
0000832101,Industrials,2015,0.0504819062347796,0.12652431785690973
0000832101,Industrials,2016,0.04009917953208582,0.3147406293426738
0000832101,Industrials,2017,0.041329731893230026,0.30901266098047253
0000832101,Industrials,2018,0.0496289667123142,0.2930485054487804
0000832101,Industrials,2019,0.05250978297200924,0.25625433116161006
0000832101,Industrials,2020,0.056334843558981676,0.260119630889953
0000832101,Industrials,2021,0.039597689222772896,0.21444662710391255
0000832101,Industrials,2022,0.14081005133485738,0.2906237031702822
0000832101,Industrials,2023,0.13548106853726918,0.29775015530549953
0000832101,Industrials,2024,0.15230558635470803,0.2984550909007023
0000832101,Industrials,2025,,
0000833444,Industrials,2016,0.18282252202333413,0.22299769387048263
0000833444,Industrials,2017,0.22695135993679894,0.257072074021106
0000833444,Industrials,2018,0.22696714383568473,0.22984885894155413
0000833444,Industrials,2019,0.17646308801464738,0.24173099724470812
0000833444,Industrials,2020,0.15046655796278754,0.2657036552053461
0000833444,Industrials,2021,0.1508373805202456,0.20432417097334407
0000833444,Industrials,2022,0.1983397576236157,0.2533222172772369
0000833444,Industrials,2023,0.19059979296411814,0.2768201740099257
0000833444,Industrials,2024,0.18953227680371829,0.25039119349359606
0000842023,Health Care,2015,0.009675971195038543,0.12675732545632118
0000842023,Health Care,2016,0.009290709290709291,0.1870860213571671
0000842023,Health Care,2017,0.012665806451612903,0.24859293406966104
0000842023,Health Care,2018,0.014651387425360027,0.20271047745813428
0000842023,Health Care,2019,0.01349670811997074,0.2032822415120568
0000842023,Health Care,2020,0.009498630136986302,0.1912739234294972
0000842023,Health Care,2021,0.01874881814631729,0.18750296142646933
0000842023,Health Care,2022,0.04654344644876587,0.2188634311353992
0000842023,Health Care,2023,0.04854346830187246,0.23046399113270327
0000842023,Health Care,2024,0.054228741284686695,0.237023974465774
0000842023,Health Care,2025,,
0000849399,Information Technology,2023,0.048090897653350055,0.27044874414077746
0000849399,Information Technology,2024,0.04164695116816512,0.20435294520900343
0000849399,Information Technology,2025,,
0000851968,Consumer Discretionary,2015,0.039635634906175984,0.06586202397820519
0000851968,Consumer Discretionary,2016,0.04145968666411922,0.08619973686987219
0000851968,Consumer Discretionary,2017,0.06352747785507208,0.08944799178525899
0000851968,Consumer Discretionary,2018,0.06431768066956381,0.08859790914595359
0000851968,Consumer Discretionary,2019,0.06795599866610802,0.08406009354344982
0000851968,Consumer Discretionary,2020,0.060046126448660225,0.09097955266848749
0000851968,Consumer Discretionary,2021,0.059148719935654466,0.07449175098301251
0000851968,Consumer Discretionary,2022,0.0690869789066693,0.08458566888356193
0000851968,Consumer Discretionary,2023,0.07176434637721724,0.1061979585767764
0000851968,Consumer Discretionary,2024,0.1127234004105176,0.1362694623871891
0000851968,Consumer Discretionary,2025,,
0000857005,Information Technology,2015,0.008556516746855841,0.3121235761100634
0000857005,Information Technology,2016,0.0028476942862392064,0.24198202856249942
0000857005,Information Technology,2017,0.0027747625508819534,0.23628540907900691
0000857005,Information Technology,2018,0.002670027204352696,0.24293794341204025
0000857005,Information Technology,2019,0.0036563614744351963,0.19153892823600788
0000857005,Information Technology,2020,0.0028292802350252983,0.1682059415476046
0000857005,Information Technology,2021,0.002367601246105919,0.17849384084439632
0000857005,Information Technology,2022,0.01141475276791027,0.1842230223275572
0000857005,Information Technology,2023,0.1650103422048051,0.1587180613390763
0000857005,Information Technology,2024,0.2066801826444833,0.20816670778670504
0000858470,Energy,2022,0.3017398361986276,0.23807275142034975
0000858470,Energy,2023,0.3044050037421148,0.30450122955201536
0000858470,Energy,2024,0.33295911602209943,0.3369281767955801
0000858470,Energy,2025,,
0000858877,Information Technology,2015,0.00868502994011976,0.07540024628366529
0000858877,Information Technology,2016,0.01023705905333125,0.08179158521101282
0000858877,Information Technology,2017,0.010377418331747542,0.09874996622739152
0000858877,Information Technology,2018,0.010402930402930402,0.09675617864954406
0000858877,Information Technology,2019,0.014174244241802279,0.08985434382411417
0000858877,Information Technology,2020,0.010132242273690363,0.09821108689593518
0000858877,Information Technology,2021,0.049926604301826265,0.06389053784812392
0000858877,Information Technology,2022,0.07586912449032258,0.0958070765854024
0000858877,Information Technology,2023,0.09490150725259999,0.1102128240374552
0000858877,Information Technology,2024,0.05253253047402738,0.13121917824298232
0000858877,Information Technology,2025,,
0000859737,Health Care,2015,0.016388250117339194,0.19343724179886765
0000859737,Health Care,2016,0.01746595896402514,0.17001362000104284
0000859737,Health Care,2017,0.022326670142953187,0.16711952196961707
0000859737,Health Care,2018,0.022753839225269884,0.173834140734587
0000859737,Health Care,2019,0.02754333326092433,0.16108468809477847
0000859737,Health Care,2020,0.025416693984643617,0.15910950401378393
0000859737,Health Care,2021,0.022849545358168136,0.14456154639367275
0000859737,Health Care,2022,0.041249191828306615,0.17811142902939256
0000859737,Health Care,2023,0.04199557381169353,0.18426166331753835
0000859737,Health Care,2024,0.049813751786440194,0.22655877080262785
0000860730,Health Care,2015,0.010726533771233207,0.1958831511741639
0000860730,Health Care,2016,0.011183412474741722,0.20072599774400626
0000860730,Health Care,2017,0.012724744005610186,0.21233728920696412
0000860730,Health Care,2018,0.012071783510582535,0.23464732155145698
0000860730,Health Care,2019,0.012610170182071756,0.233006079418766
0000860730,Health Care,2020,0.012892611644876465,0.22939287701255956
0000860730,Health Care,2021,0.009585356996719639,0.1835973901929186
0000860730,Health Care,2022,0.04325668899318936,0.24116999970974953
0000860730,Health Care,2023,0.062389912337191655,0.24148118704027383
0000860730,Health Care,2024,0.0677653836607218,0.24736948799479602
0000860730,Health Care,2025,,
0000860731,Information Technology,2015,0.0029003359462486003,0.19927811878506665
0000860731,Information Technology,2016,0.0027336860670194004,0.1786141396954749
0000860731,Information Technology,2017,0.002948278969183637,0.1857893185054866
0000860731,Information Technology,2018,0.0030133646378905543,0.18083577032602224
0000860731,Information Technology,2019,0.0033927914674512687,0.1784084027693672
0000860731,Information Technology,2020,0.003083422269654927,0.18464832037404072
0000860731,Information Technology,2021,0.014560226629665652,0.18762529333935388
0000860731,Information Technology,2022,0.007626576358104225,0.16851848767008137
0000860731,Information Technology,2023,0.00787530847441525,0.17469561521267102
0000860731,Information Technology,2024,0.006140617247203152,0.22203437006052532
0000860731,Information Technology,2025,,
0000864749,Information Technology,2015,0.022316425690623577,0.12823349142381193
0000864749,Information Technology,2016,0.02450672507776293,0.14998902970911188
0000864749,Information Technology,2017,0.030314585973420335,0.14997517787833017
0000864749,Information Technology,2018,0.024499529609823725,0.15412069117019409
0000864749,Information Technology,2019,0.027580131540634212,0.14924960030131434
0000864749,Information Technology,2020,0.019426548444230047,0.15840687942724702
0000864749,Information Technology,2021,0.017695367067132074,0.13431588143292253
0000864749,Information Technology,2022,0.08194717316990298,0.16730041395593476
0000864749,Information Technology,2023,0.1200437409683985,0.1601576413220249
0000864749,Information Technology,2024,0.10552030375374284,0.23204174760689092
0000864749,Information Technology,2025,,
0000865752,Consumer Staples,2015,0.04085634603180012,0.1488248820175323
0000865752,Consumer Staples,2016,0.03575839346953178,0.1592285081024371
0000865752,Consumer Staples,2017,0.040203017241696955,0.18152393490432475
0000865752,Consumer Staples,2018,0.050987574875431804,0.14787604689358844
0000865752,Consumer Staples,2019,0.059508193622579954,0.12491720605864257
0000865752,Consumer Staples,2020,0.06111202550954742,0.1318398096076317
0000865752,Consumer Staples,2021,0.05365474351043852,0.13027872916724517
0000865752,Consumer Staples,2022,0.09390309182803516,0.15425128715585598
0000865752,Consumer Staples,2023,0.10497886789607738,0.15758796883191897
0000865752,Consumer Staples,2024,0.1046217498732187,0.16772210663037246
0000865752,Consumer Staples,2025,,
0000866787,Consumer Discretionary,2015,0.02090221390503267,0.2079054455960808
0000866787,Consumer Discretionary,2016,0.01927319397756712,0.2057001614894105
0000866787,Consumer Discretionary,2017,0.018447206445607083,0.21018949177085924
0000866787,Consumer Discretionary,2018,0.022649800167024572,0.21291784499648814
0000866787,Consumer Discretionary,2019,0.04136219877503615,0.24898396271428908
0000866787,Consumer Discretionary,2020,0.02234960355801979,0.2573288949508155
0000866787,Consumer Discretionary,2021,0.05824653960496661,0.21129937824196818
0000866787,Consumer Discretionary,2022,0.09103161893562071,0.2635399180655476
0000866787,Consumer Discretionary,2023,0.121001053081183,0.26546614359777143
0000866787,Consumer Discretionary,2024,0.12580572002431042,0.25932073544433093
0000872589,Health Care,2015,0.010833231185683072,0.14020844040677027
0000872589,Health Care,2016,0.00977100387288663,0.13481724123731606
0000872589,Health Care,2017,0.009574891274455955,0.14911712871872418
0000872589,Health Care,2018,0.008752628969664071,0.1392458481015386
0000872589,Health Care,2019,0.010924009898426889,0.1478955695185777
0000872589,Health Care,2020,0.010716665171101798,0.15682489025171178
0000872589,Health Care,2021,0.008142561778349742,0.11779231602516238
0000872589,Health Care,2022,0.011179223691141514,0.14426979466921833
0000872589,Health Care,2023,0.012851177847968076,0.15105576327332196
0000872589,Health Care,2024,0.012249229513595519,0.16315927547118975
0000872589,Health Care,2025,,
0000874716,Health Care,2015,0.036990858913467504,0.11358305840696699
0000874716,Health Care,2016,0.03777055374311836,0.1272248918271823
0000874716,Health Care,2017,0.03593189835537843,0.1435101138874724
0000874716,Health Care,2018,0.03450610321840983,0.13207785070130976
0000874716,Health Care,2019,0.04243815883911404,0.1245686122361778
0000874716,Health Care,2020,0.04610262379566984,0.12063113046043654
0000874716,Health Care,2021,0.0446431946247582,0.11422661955282974
0000874716,Health Care,2022,0.04725957638150072,0.15532014320447166
0000874716,Health Care,2023,0.09937853363565671,0.16058120682590474
0000874716,Health Care,2024,0.14664230412693985,0.16358943242625446
0000874716,Health Care,2025,,
0000874761,Utilities,2015,0.3451940220757969,0.1281631074106001
0000874761,Utilities,2016,0.35442042115460176,0.11792196650897076
0000874761,Utilities,2017,0.3932467227577721,0.12835359956662867
0000874761,Utilities,2018,0.42978999934570855,0.13360104863169156
0000874761,Utilities,2019,0.4987828348109637,0.12489197205050905
0000874761,Utilities,2020,0.4932581322735726,0.11738393579157733
0000874761,Utilities,2021,0.46572640821283673,0.10110508261527625
0000874761,Utilities,2022,0.6576497310066911,0.12715718686631716
0000874761,Utilities,2023,0.7220696604490636,0.1320993171480207
0000874761,Utilities,2024,0.7562238322985805,0.12798881042535487
0000874761,Utilities,2025,,
0000874766,Financials,2015,0.02723848647500558,0.26921823288286023
0000874766,Financials,2016,0.022836589812484813,0.26110545132601143
0000874766,Financials,2017,0.027396076682192898,0.13720376521104286
0000874766,Financials,2018,0.02701502400111342,0.1256011186976514
0000874766,Financials,2019,0.04911092589420829,0.1282170468686991
0000874766,Financials,2020,0.049933109128791286,0.12682872218902982
0000874766,Financials,2021,0.036859591132796986,0.1368332993055753
0000874766,Financials,2022,0.057090955138950045,0.16046509551484422
0000874766,Financials,2023,0.06754414160051564,0.16516631274484678
0000874766,Financials,2024,0.07383115984020187,0.18773667776623645
0000874766,Financials,2025,,
0000875045,Health Care,2015,0.021634097402866297,0.21485374939348192
0000875045,Health Care,2016,0.024003387801878173,0.22017357353438702
0000875045,Health Care,2017,0.01893413098170626,0.18631212314790982
0000875045,Health Care,2018,0.01755606284064441,0.1695555778810607
0000875045,Health Care,2019,0.019683710833183744,0.160533097336982
0000875045,Health Care,2020,0.016399965481314213,0.18868215683879241
0000875045,Health Care,2021,0.015200238984207358,0.1711950952560167
0000875045,Health Care,2022,0.028528549497489956,0.1988332431300629
0000875045,Health Care,2023,0.04479645669526029,0.2226217251438992
0000875045,Health Care,2024,0.059965062718407736,0.24109496853176904
0000875045,Health Care,2025,,
0000875320,Health Care,2015,0.007710895097184716,0.23151415902463957
0000875320,Health Care,2016,0.006598127571496629,0.22368176074322976
0000875320,Health Care,2017,0.00670892298077888,0.24460516320340414
0000875320,Health Care,2018,0.004918228930081729,0.2520488351732435
0000875320,Health Care,2019,0.0070600110564248,0.28128210000515874
0000875320,Health Care,2020,0.006715050984677925,0.20253060239155982
0000875320,Health Care,2021,0.003857344517968567,0.18382799559415808
0000875320,Health Care,2022,0.004332040423119644,0.20709246242672455
0000875320,Health Care,2023,0.0043326419906942176,0.20514840409745638
0000875320,Health Care,2024,0.005331696294378051,0.22049789799055614
0000875320,Health Care,2025,,
0000877212,Information Technology,2015,0.03667327053992451,0.17452922792666
0000877212,Information Technology,2016,0.039944553300785376,0.18527889098301165
0000877212,Information Technology,2017,0.04267177651330817,0.14946580772558501
0000877212,Information Technology,2018,0.04835032533487455,0.14246176599202617
0000877212,Information Technology,2019,0.05682124639986036,0.11354747227905944
0000877212,Information Technology,2020,0.053268295503879445,0.12192636301299999
0000877212,Information Technology,2021,0.04192216453980027,0.11729630781117382
0000877212,Information Technology,2022,0.058735368633534096,0.1537374531986458
0000877212,Information Technology,2023,0.0713223673523522,0.14528286966179366
0000877212,Information Technology,2024,0.07193265721183917,0.15719345332555906
0000877212,Information Technology,2025,,
0000878927,Industrials,2015,0.09209232392127008,0.19051476286438385
0000878927,Industrials,2016,0.08790516749474622,0.18584416849624982
0000878927,Industrials,2017,0.08040342165223445,0.22753026234835227
0000878927,Industrials,2018,0.08113780495945856,0.2118028746167948
0000878927,Industrials,2019,0.09958432396455154,0.20660340114844916
0000878927,Industrials,2020,0.08663333458072218,0.20159911128182811
0000878927,Industrials,2021,0.07874501562524243,0.17363135342259955
0000878927,Industrials,2022,0.09782892035161313,0.19306637937049395
0000878927,Industrials,2023,0.104848335843867,0.1981660226491192
0000878927,Industrials,2024,0.12842436069824834,0.1892226914412579
0000878927,Industrials,2025,,
0000879101,Real Estate,2015,0.019691639317701404,0.23928237696733573
0000879101,Real Estate,2016,0.0194225555209531,0.2270447591792035
0000879101,Real Estate,2017,0.022902648992636485,0.17833399766428223
0000879101,Real Estate,2018,0.033226532304827645,0.13547982685742846
0000879101,Real Estate,2019,0.03415443370597328,0.086095069303878
0000879101,Real Estate,2020,0.05239165566390303,0.10533314931564974
0000879101,Real Estate,2021,0.07402723137506627,0.10271922415062798
0000879101,Real Estate,2022,0.1275304720605292,0.18149578358866994
0000879101,Real Estate,2023,0.13897472924187726,0.1863537906137184
0000879101,Real Estate,2024,0.13965205462368274,0.16132693147097338
0000879169,Health Care,2015,0.012221944543377508,0.07999684414577396
0000879169,Health Care,2016,0.01282657507049293,0.07730016947389529
0000879169,Health Care,2017,0.01221954658540902,0.06847818630233679
0000879169,Health Care,2018,0.013184850279686406,0.07358379346686887
0000879169,Health Care,2019,0.012061188468327122,0.07695301505534756
0000879169,Health Care,2020,0.01050924522582601,0.08358128102850709
0000879169,Health Care,2021,0.009219700059745211,0.07134601688654557
0000879169,Health Care,2022,0.010548840057169953,0.07853252990677478
0000879169,Health Care,2023,0.010562540731949819,0.08197857218805081
0000879169,Health Care,2024,0.011331442321616347,0.0878089759425357
0000879169,Health Care,2025,,
0000882095,Health Care,2015,0.011228323699421965,0.17307775404539702
0000882095,Health Care,2016,0.009917884184707263,0.13950872978927992
0000882095,Health Care,2017,0.015452052946622895,0.15351332741075457
0000882095,Health Care,2018,0.022610672180559746,0.17570244802437607
0000882095,Health Care,2019,0.014331393847583961,0.20311449483123364
0000882095,Health Care,2020,0.015014157867287414,0.26977914288173577
0000882095,Health Care,2021,0.0161750923203813,0.2041569469477661
0000882095,Health Care,2022,0.025189728345311493,0.25382778108299037
0000882095,Health Care,2023,0.034800819456639674,0.271557767131154
0000882095,Health Care,2024,0.05864614544991257,0.2985796432293712
0000882095,Health Care,2025,,
0000882184,Consumer Discretionary,2015,0.03718444666001994,0.15637421070122967
0000882184,Consumer Discretionary,2016,0.03656716797841385,0.15094610938491865
0000882184,Consumer Discretionary,2017,0.03720815637620258,0.1565128940776153
0000882184,Consumer Discretionary,2018,0.03301219653041971,0.14106854473568184
0000882184,Consumer Discretionary,2019,0.03437072877908642,0.14050323803234552
0000882184,Consumer Discretionary,2020,0.03833927084738056,0.14324148454277963
0000882184,Consumer Discretionary,2021,0.04937996089145551,0.15009680974041514
0000882184,Consumer Discretionary,2022,0.07022635421466998,0.19711100403605394
0000882184,Consumer Discretionary,2023,0.0754027754901687,0.21364242167524863
0000882184,Consumer Discretionary,2024,0.08636285086147298,0.22610993951564143
0000882835,Information Technology,2015,0.1059513306512357,0.2526580970941337
0000882835,Information Technology,2016,0.09928867795774632,0.23605724353722246
0000882835,Information Technology,2017,0.09290346595756163,0.2783703099004888
0000882835,Information Technology,2018,0.10417025014745168,0.310584269506991
0000882835,Information Technology,2019,0.11436014683992729,0.2803511470618513
0000882835,Information Technology,2020,0.10476748609949708,0.2424596459384375
0000882835,Information Technology,2021,0.031241954362568294,0.3181640310684951
0000882835,Information Technology,2022,0.05108714077841195,0.3579333986446342
0000882835,Information Technology,2023,0.09018920526932103,0.4075036016015197
0000882835,Information Technology,2024,0.08073900279480495,0.41174628337913055
0000882835,Information Technology,2025,,
0000883241,Information Technology,2015,0.005526315789473684,0.28623132867217504
0000883241,Information Technology,2016,0.00558659217877095,0.27016691690911254
0000883241,Information Technology,2017,0.0030201218386560827,0.26112166038979834
0000883241,Information Technology,2018,0.0030226449275362315,0.26319868311036787
0000883241,Information Technology,2019,0.0032362743378354674,0.2723745589365151
0000883241,Information Technology,2020,0.03867117787031529,0.2576504072265696
0000883241,Information Technology,2021,0.0318580858940607,0.22387238458241462
0000883241,Information Technology,2022,0.06069781692285416,0.2732788229613939
0000883241,Information Technology,2023,0.04009861524483018,0.30361052151563434
0000883241,Information Technology,2024,0.03772798145221647,0.21151854374324616
0000884887,Consumer Discretionary,2015,0.06205878172204006,0.1752994184236248
0000884887,Consumer Discretionary,2016,0.06960198143436608,0.1618534060280457
0000884887,Consumer Discretionary,2017,0.08031962588462692,0.15313663547730416
0000884887,Consumer Discretionary,2018,0.08192785658470571,0.15018799652429232
0000884887,Consumer Discretionary,2019,0.08898995076680045,0.1578963291131447
0000884887,Consumer Discretionary,2020,0.0873168013045101,0.16642180104916052
0000884887,Consumer Discretionary,2021,0.0574507668085162,0.11570889222787403
0000884887,Consumer Discretionary,2022,0.10344911089769668,0.14920405333240838
0000884887,Consumer Discretionary,2023,0.1799458763595961,0.17727786760524356
0000884887,Consumer Discretionary,2024,0.1867125342893316,0.20492849466225743
0000884887,Consumer Discretionary,2025,,
0000885725,Health Care,2015,0.03880691560887685,0.22435417997844684
0000885725,Health Care,2016,0.03645543642502975,0.21503647497245035
0000885725,Health Care,2017,0.034359691827696145,0.211144221572312
0000885725,Health Care,2018,0.04002005010926761,0.2098201899703541
0000885725,Health Care,2019,0.04676288535114794,0.20935874927165954
0000885725,Health Care,2020,0.038344669698044245,0.18161137977693984
0000885725,Health Care,2021,0.04392024832118429,0.16770863657369206
0000885725,Health Care,2022,0.040681806171595204,0.2100385874609604
0000885725,Health Care,2023,0.05659329069864362,0.2187512639002652
0000885725,Health Care,2024,0.060354655356197356,0.22813566147356323
0000885725,Health Care,2025,,
0000886982,Financials,2015,0.022845775521623132,0.2893958929696095
0000886982,Financials,2016,0.020670555916972297,0.2834029569762975
0000886982,Financials,2017,0.020128359595271924,0.27439495496681143
0000886982,Financials,2018,0.019281833307302893,0.18113122983277843
0000886982,Financials,2019,0.019847590405432408,0.1870016438329439
0000886982,Financials,2020,0.023908943084413783,0.16803017002725146
0000886982,Financials,2021,0.025829138510570667,0.15585518564001774
0000886982,Financials,2022,0.06357855177173828,0.2000739770733644
0000886982,Financials,2023,0.06850782111743621,0.2225353736818298
0000886982,Financials,2024,0.0823509019197467,0.2438262029650217
0000886982,Financials,2025,,
0000891103,Communication Services,2021,0.001643598615916955,0.25095630574192684
0000891103,Communication Services,2022,0.002066416711301553,0.2827501363382366
0000891103,Communication Services,2023,0.003988462303560772,0.2820111321345355
0000891103,Communication Services,2024,0.0037843866171003715,0.27745011515562734
0000891103,Communication Services,2025,,
0000895126,Energy,2025,,
0000895421,Financials,2015,0.03217668287099436,0.3237680529642811
0000895421,Financials,2016,0.023894806621338624,0.31357608199490894
0000895421,Financials,2017,0.018867089820586685,0.34106079188103094
0000895421,Financials,2018,0.0,0.0
0000895421,Financials,2019,0.0,0.0
0000895421,Financials,2020,0.0,0.0
0000895421,Financials,2021,0.0,0.0
0000895421,Financials,2022,0.0,0.0
0000895421,Financials,2023,0.0,0.0
0000895421,Financials,2024,0.0,0.0
0000895421,Financials,2025,,
0000896159,Financials,2016,0.017259329877096267,0.20740734953177561
0000896159,Financials,2017,0.025436478847791856,0.22708489275482024
0000896159,Financials,2018,0.02381049753630804,0.2461905824404688
0000896159,Financials,2019,0.03528259034224465,0.22999679049743973
0000896159,Financials,2020,0.03321535326343445,0.2096827256935458
0000896159,Financials,2021,0.028265592147031747,0.1975682245576789
0000896159,Financials,2022,0.06879621061537242,0.22869215436025997
0000896159,Financials,2023,0.06555869013684407,0.2300966944860756
0000896159,Financials,2024,0.03364980258929391,0.5328725114583596
0000896159,Financials,2025,,
0000896878,Information Technology,2015,0.005664695227723068,0.11370153173900287
0000896878,Information Technology,2016,0.0058366049077426775,0.13044703103786046
0000896878,Information Technology,2017,0.00848205015864051,0.18607142755174505
0000896878,Information Technology,2018,0.0032197993052875337,0.1606429959386969
0000896878,Information Technology,2019,0.0035422866468273013,0.14175683938033576
0000896878,Information Technology,2020,0.01103401347639089,0.210869653254325
0000896878,Information Technology,2021,0.009241392674336433,0.20347961579071464
0000896878,Information Technology,2022,0.033219072672574575,0.21369197928173322
0000896878,Information Technology,2023,0.033037537554812146,0.21115116546531762
0000896878,Information Technology,2024,0.03266236406607172,0.21840123202171494
0000896878,Information Technology,2025,,
0000898173,Consumer Discretionary,2015,0.06115738917306587,0.14900531086230642
0000898173,Consumer Discretionary,2016,0.0608714069329292,0.15497144799235205
0000898173,Consumer Discretionary,2017,0.06265637211973973,0.16327089924856633
0000898173,Consumer Discretionary,2018,0.05990434822352375,0.1623988622709274
0000898173,Consumer Discretionary,2019,0.06972968404692219,0.15669389614497076
0000898173,Consumer Discretionary,2020,0.06674730089727803,0.1690671921702008
0000898173,Consumer Discretionary,2021,0.05896441635322553,0.14603561596029313
0000898173,Consumer Discretionary,2022,0.07068717014283506,0.18621672114126459
0000898173,Consumer Discretionary,2023,0.07504368805425145,0.202946162815674
0000898173,Consumer Discretionary,2024,0.0831787685039167,0.20583038011084148
0000898173,Consumer Discretionary,2025,,
0000898293,Information Technology,2015,0.04912787244039558,0.1879435185345537
0000898293,Information Technology,2016,0.05155365137062091,0.17629766944710074
0000898293,Information Technology,2017,0.07547997615686769,0.12295829004904212
0000898293,Information Technology,2018,0.073584855712231,0.119993465285338
0000898293,Information Technology,2019,0.08203870811106789,0.15629670424330103
0000898293,Information Technology,2020,0.07714329407739542,0.13580897844524875
0000898293,Information Technology,2021,0.0681427635589212,0.12496486608777749
0000898293,Information Technology,2022,0.08925559774794577,0.15512728509667084
0000898293,Information Technology,2023,0.10733310017140553,0.16096365194595685
0000898293,Information Technology,2024,0.12055855836275368,0.16429859931425844
0000899051,Financials,2015,0.035987025483061784,0.10271941877260839
0000899051,Financials,2016,0.04254295927702237,0.11515489037800343
0000899051,Financials,2017,0.04187565802522024,0.13975607933710088
0000899051,Financials,2018,0.059736607723752395,0.1279676371631019
0000899051,Financials,2019,0.06414466044063782,0.11231146016569483
0000899051,Financials,2020,0.07013944825342562,0.11643086147864974
0000899051,Financials,2021,0.05822244986735047,0.10071620115043636
0000899051,Financials,2022,0.08978683194694728,0.14703097229533224
0000899051,Financials,2023,0.10492090499647948,0.14781518423657958
0000899051,Financials,2024,0.1171580651066506,0.1586895409254176
0000899051,Financials,2025,,
0000900075,Industrials,2015,0.03874303282248794,0.1171234124059609
0000900075,Industrials,2016,0.04124238071571842,0.10750838478386252
0000900075,Industrials,2017,0.04501241828073845,0.10733944767766639
0000900075,Industrials,2018,0.05168100653806722,0.11235775809197841
0000900075,Industrials,2019,0.09296479297920827,0.11229481440387178
0000900075,Industrials,2020,0.1006580726516959,0.10290809434540295
0000900075,Industrials,2021,0.08190866207606952,0.12886616056992314
0000900075,Industrials,2022,0.11265745510508679,0.15188351888458296
0000900075,Industrials,2023,0.11765939380923189,0.14099031584116564
0000900075,Industrials,2024,0.12441941968934235,0.17235730926413126
0000900075,Industrials,2025,,
0000906107,Real Estate,2015,0.05229870737101926,0.08785871084131407
0000906107,Real Estate,2016,0.04920511903959622,0.08906179822911887
0000906107,Real Estate,2017,0.05545344676726291,0.08231282390897605
0000906107,Real Estate,2018,0.0813180566077747,0.1110480854409544
0000906107,Real Estate,2019,0.09378617398137816,0.11914289649683331
0000906107,Real Estate,2020,0.1365785419429795,0.18426731538195698
0000906107,Real Estate,2021,0.08456887968457524,0.17158708032976225
0000906107,Real Estate,2022,0.1428284608816588,0.20149872830771354
0000906107,Real Estate,2023,0.1372464896247689,0.21009680608857978
0000906107,Real Estate,2024,0.1737940673897038,0.1979092989482542
0000906107,Real Estate,2025,,
0000906163,Consumer Discretionary,2015,0.034528575585995314,0.3089638801158687
0000906163,Consumer Discretionary,2016,0.035783170032624045,0.295124193023517
0000906163,Consumer Discretionary,2017,0.038240722859523645,0.31734255439856035
0000906163,Consumer Discretionary,2018,0.03802896985260891,0.2763645968906744
0000906163,Consumer Discretionary,2019,0.04186639622699817,0.2401193642884933
0000906163,Consumer Discretionary,2020,0.037922656891103135,0.23235785583880897
0000906163,Consumer Discretionary,2021,0.029298450456155624,0.2190140705705409
0000906163,Consumer Discretionary,2022,0.03831325897931916,0.25924676449665324
0000906163,Consumer Discretionary,2023,0.04079079756143383,0.2709298852688482
0000906163,Consumer Discretionary,2024,0.07574218082022406,0.2870093985125531
0000906163,Consumer Discretionary,2025,,
0000906345,Real Estate,2015,0.019144923815370876,0.24273565142974085
0000906345,Real Estate,2016,0.014453497979431025,0.24517902208962516
0000906345,Real Estate,2017,0.015343468011258923,0.25414993396782254
0000906345,Real Estate,2018,0.018376914155503528,0.24554167566185703
0000906345,Real Estate,2019,0.02065556473763817,0.16801997138930186
0000906345,Real Estate,2020,0.023723800990248796,0.17634665057963733
0000906345,Real Estate,2021,0.016287086220125542,0.1773977546201957
0000906345,Real Estate,2022,0.02153607695246329,0.21617714577130764
0000906345,Real Estate,2023,0.03467403836075883,0.24219537900755803
0000906345,Real Estate,2024,0.03584050385642321,0.22727909834542723
0000906345,Real Estate,2025,,
0000909832,Consumer Staples,2015,0.05827116637063351,0.2413802938463489
0000909832,Consumer Staples,2016,0.058109707971586426,0.24042296463153826
0000909832,Consumer Staples,2017,0.05752686071498339,0.22884624187026595
0000909832,Consumer Staples,2018,0.0540379119832349,0.29703876522982425
0000909832,Consumer Staples,2019,0.06960950764006792,0.2601377794309673
0000909832,Consumer Staples,2020,0.06614308426073132,0.2260850061679937
0000909832,Consumer Staples,2021,0.06654775417544997,0.2120512830055265
0000909832,Consumer Staples,2022,0.10437605681433886,0.2536673353811636
0000909832,Consumer Staples,2023,0.11597482136781218,0.27288012248166255
0000909832,Consumer Staples,2024,0.10561579651941098,0.2712060248498685
0000910521,Consumer Discretionary,2015,0.010421247454306835,0.19660973381082367
0000910521,Consumer Discretionary,2016,0.008958512861460943,0.18750398848911765
0000910521,Consumer Discretionary,2017,0.01130258256001627,0.22897925328444882
0000910521,Consumer Discretionary,2018,0.04590472283450966,0.1802542636286011
0000910521,Consumer Discretionary,2019,0.0460696758155574,0.24206588239157265
0000910521,Consumer Discretionary,2020,0.05700311277597734,0.2521255722649065
0000910521,Consumer Discretionary,2021,0.06643855721885361,0.2691770919378713
0000910521,Consumer Discretionary,2022,0.11551727195706751,0.30152614486847185
0000910521,Consumer Discretionary,2023,0.1362734098496623,0.37211278280954724
0000910521,Consumer Discretionary,2024,0.1389579461522936,0.4172763151766186
0000910521,Consumer Discretionary,2025,,
0000910606,Real Estate,2015,0.17851396815232876,0.2419739126424725
0000910606,Real Estate,2016,0.1568039731283947,0.1635603212422823
0000910606,Real Estate,2017,0.1291357674158091,0.17834437951931942
0000910606,Real Estate,2018,0.13050796361669567,0.17901980330497438
0000910606,Real Estate,2019,0.1438821352701463,0.16630561321773227
0000910606,Real Estate,2020,0.12275846049481037,0.19480911800015588
0000910606,Real Estate,2021,0.098633253882134,0.20612902627454255
0000910606,Real Estate,2022,0.15772040891875141,0.25915312446400907
0000910606,Real Estate,2023,0.213234165108763,0.2936106430657536
0000910606,Real Estate,2024,0.24112047468863007,0.29961570902677626
0000910606,Real Estate,2025,,
0000912595,Real Estate,2015,0.10820810973653916,0.19242278580097713
0000912595,Real Estate,2016,0.10602846145550772,0.17948106498789543
0000912595,Real Estate,2017,0.10815763273422786,0.24463628933624457
0000912595,Real Estate,2018,0.13795011983129096,0.134572657621149
0000912595,Real Estate,2019,0.16547821946671873,0.1552137463244731
0000912595,Real Estate,2020,0.1603457890177027,0.14633088161235425
0000912595,Real Estate,2021,0.11518433939844278,0.13383030718428815
0000912595,Real Estate,2022,0.16182235069813625,0.15479436471569744
0000912595,Real Estate,2023,0.17687356660896444,0.16028276670453104
0000912595,Real Estate,2024,0.183293543201649,0.1807839118452481
0000912595,Real Estate,2025,,
0000914208,Financials,2015,0.001586685725954666,0.2324381710131361
0000914208,Financials,2016,0.0029356060606060604,0.26496411483253585
0000914208,Financials,2017,0.010720973123715812,0.2969977574545376
0000914208,Financials,2018,0.009850191175802445,0.28355786693652807
0000914208,Financials,2019,0.009370789346653514,0.22973842354537885
0000914208,Financials,2020,0.07069515447346024,0.17405020013982897
0000914208,Financials,2021,0.026079687573609792,0.19398005900282775
0000914208,Financials,2022,0.06109255361047356,0.2288900604101669
0000914208,Financials,2023,0.0566091706030198,0.2625609666432744
0000914208,Financials,2024,0.03855480219277415,0.23489704162311745
0000914208,Financials,2025,,
0000915389,Materials,2015,0.054993481095176,0.035304525982492084
0000915389,Materials,2016,0.05780743939542644,0.035705172244577484
0000915389,Materials,2017,0.059351667641895846,0.041287302516091286
0000915389,Materials,2018,0.058888235294117644,0.033850267379679146
0000915389,Materials,2019,0.07896184886280264,0.025434091464905845
0000915389,Materials,2020,0.11773185011709603,0.03822014051522248
0000915389,Materials,2021,0.12176234979973298,0.084050528910342
0000915389,Materials,2022,0.1824252593044539,0.10112873703477732
0000915389,Materials,2023,0.1912691829116549,0.09920676068021568
0000915389,Materials,2024,0.3776170348803136,0.16883102579150605
0000915389,Materials,2025,,
0000915912,Real Estate,2015,0.13634183782532547,0.2125823649991123
0000915912,Real Estate,2016,0.13372203144336253,0.20533045772336045
0000915912,Real Estate,2017,0.14331611225072635,0.20703738858303053
0000915912,Real Estate,2018,0.14576391222082719,0.1916579002226832
0000915912,Real Estate,2019,0.16134045498744987,0.19588135545501995
0000915912,Real Estate,2020,0.14673023498419233,0.19594095463323435
0000915912,Real Estate,2021,0.11604782519347867,0.1950433998092069
0000915912,Real Estate,2022,0.16870041075111883,0.22224166879260532
0000915912,Real Estate,2023,0.15207948488438605,0.2435187807864803
0000915912,Real Estate,2024,0.1669453042711462,0.2890834250602078
0000915912,Real Estate,2025,,
0000915913,Materials,2015,0.21790693988221593,0.10673169412255529
0000915913,Materials,2016,0.2138326376101686,0.09689102350533961
0000915913,Materials,2017,0.22584927946848987,0.12183336228026379
0000915913,Materials,2018,0.20261429902182135,0.17719463895255694
0000915913,Materials,2019,0.2525201199163533,0.17148303805850865
0000915913,Materials,2020,0.23801393781800867,0.2115216752895606
0000915913,Materials,2021,0.18997928137674752,0.16493246975052683
0000915913,Materials,2022,0.2836724126185496,0.19997962979157044
0000915913,Materials,2023,0.29960447444167015,0.22184413580246914
0000915913,Materials,2024,0.3588156750826668,0.22915001891587414
0000915913,Materials,2025,,
0000916076,Materials,2015,0.19996930409914201,0.19485501446440437
0000916076,Materials,2016,0.16235066773641968,0.17987462326260845
0000916076,Materials,2017,0.16915765963422597,0.15751383911332467
0000916076,Materials,2018,0.16272285336924092,0.14605187723778323
0000916076,Materials,2019,0.2427230079831734,0.1333011770717604
0000916076,Materials,2020,0.22568300729650506,0.13943698872478472
0000916076,Materials,2021,0.28169433184908216,0.1590307955403181
0000916076,Materials,2022,0.387486531830233,0.20660792140765466
0000916076,Materials,2023,0.41748561396455436,0.23714933906922403
0000916076,Materials,2024,0.48363676047502363,0.26194469725785446
0000916076,Materials,2025,,
0000916365,Consumer Discretionary,2015,0.06964772727272726,0.2439225568913069
0000916365,Consumer Discretionary,2016,0.06936940330488549,0.23767613854627906
0000916365,Consumer Discretionary,2017,0.07988205485353066,0.23227137637844544
0000916365,Consumer Discretionary,2018,0.08501739354921987,0.22215877933211783
0000916365,Consumer Discretionary,2019,0.08406759329372841,0.1847537110162351
0000916365,Consumer Discretionary,2020,0.08162297271033629,0.20187459325286955
0000916365,Consumer Discretionary,2021,0.09817975855194247,0.1569263692636337
0000916365,Consumer Discretionary,2022,0.13021155301283602,0.18990030772704872
0000916365,Consumer Discretionary,2023,0.1691950093675533,0.1770920421198115
0000916365,Consumer Discretionary,2024,0.20207431289866354,0.18054198146898717
0000916365,Consumer Discretionary,2025,,
0000920148,Health Care,2015,0.0072632870934227906,0.1466578309111354
0000920148,Health Care,2016,0.010750032099771673,0.14702621574396102
0000920148,Health Care,2017,0.008657162501388007,0.1563718991587264
0000920148,Health Care,2018,0.008281701091346924,0.20657346498208803
0000920148,Health Care,2019,0.008942602849915233,0.2118778665634115
0000920148,Health Care,2020,0.012615277725245046,0.21122770757737722
0000920148,Health Care,2021,0.010098496922595398,0.20446275817560944
0000920148,Health Care,2022,0.01180521756551681,0.25387065713876467
0000920148,Health Care,2023,0.01424876146054368,0.26888558353472775
0000920148,Health Care,2024,0.027310877735098556,0.27426956860404217
0000920148,Health Care,2025,,
0000920522,Real Estate,2015,0.07569144461232673,0.17740757865634846
0000920522,Real Estate,2016,0.06779324535930607,0.16581236072031577
0000920522,Real Estate,2017,0.08082297227190266,0.17013978387940693
0000920522,Real Estate,2018,0.08706241157561284,0.17010587634957755
0000920522,Real Estate,2019,0.09453944084626588,0.17360040766854104
0000920522,Real Estate,2020,0.08418284466061954,0.19689395924135247
0000920522,Real Estate,2021,0.06068270062713651,0.20308471870077585
0000920522,Real Estate,2022,0.08307207393561707,0.23978457284753027
0000920522,Real Estate,2023,0.09185419459174494,0.26046374597933913
0000920522,Real Estate,2024,0.09537499331185084,0.2363145100981001
0000920522,Real Estate,2025,,
0000920760,Consumer Discretionary,2015,0.05349370962257735,0.06745652486896962
0000920760,Consumer Discretionary,2016,0.04805178057835589,0.07378257218156492
0000920760,Consumer Discretionary,2017,0.05216974618253502,0.05379173301209518
0000920760,Consumer Discretionary,2018,0.04953195129369337,0.056321405683126595
0000920760,Consumer Discretionary,2019,0.0730218435240908,0.05845616293456058
0000920760,Consumer Discretionary,2020,0.07548338037022237,0.06132067995572397
0000920760,Consumer Discretionary,2021,0.06335370665263816,0.06730245759458577
0000920760,Consumer Discretionary,2022,0.11512929699304264,0.09498020345533316
0000920760,Consumer Discretionary,2023,0.11537384217115014,0.09783903265445608
0000920760,Consumer Discretionary,2024,0.11307555739348253,0.10828214547095562
0000920760,Consumer Discretionary,2025,,
0000922224,Utilities,2016,0.1285240464344942,0.10646766169154227
0000922224,Utilities,2017,0.1569057153343415,0.1195263375640415
0000922224,Utilities,2018,0.14674007778612763,0.12319608714692597
0000922224,Utilities,2019,0.16884204509303471,0.13945044467912748
0000922224,Utilities,2020,0.24654755412354323,0.10715709370825331
0000922224,Utilities,2021,0.2203184984719143,0.13806237068985847
0000922224,Utilities,2022,0.45161727139909474,0.2397736193140164
0000922224,Utilities,2023,0.4424697807954743,0.22189829246465184
0000922224,Utilities,2024,0.5089952163659996,0.22418935946873253
0000922224,Utilities,2025,,
0000922621,Financials,2015,0.009869288557826142,0.13606268058037566
0000922621,Financials,2016,0.007092198581560284,0.17618281347980033
0000922621,Financials,2017,0.007315001117818019,0.15561337864775662
0000922621,Financials,2018,0.010043138041733546,0.14630058741163213
0000922621,Financials,2019,0.010802107728337236,0.12603832501141504
0000922621,Financials,2020,0.01078047263681592,0.13230277185501066
0000922621,Financials,2021,0.006877828054298643,0.1095262243756146
0000922621,Financials,2022,0.010081881533101045,0.1398022301912279
0000922621,Financials,2023,0.010916515426497278,0.13435492867796556
0000922621,Financials,2024,0.011250690734941978,0.1682346684247172
0000922621,Financials,2025,,
0000927066,Health Care,2015,0.0007345781139210587,0.2495854938957677
0000927066,Health Care,2016,0.0007173601147776184,0.2265695793021635
0000927066,Health Care,2017,0.000721658579620644,0.25751847302955355
0000927066,Health Care,2018,0.0007046327969931162,0.23569227888303512
0000927066,Health Care,2019,0.002063208081432777,0.23673053579299239
0000927066,Health Care,2020,0.0027116761383110836,0.26755925740086756
0000927066,Health Care,2021,0.006004452007991589,0.24434081252225967
0000927066,Health Care,2022,0.01193845553822741,0.2639015110313224
0000927066,Health Care,2023,0.00981992206686109,0.27832694171038214
0000927066,Health Care,2024,0.010139523816286076,0.28609455385135363
0000927066,Health Care,2025,,
0000927628,Financials,2015,0.005758897895692571,0.14235342839087575
0000927628,Financials,2016,0.0027234755472598654,0.1555612782461051
0000927628,Financials,2017,0.0013387888707037643,0.16527474977893897
0000927628,Financials,2018,0.005095823471023898,0.20434484285304655
0000927628,Financials,2019,0.0056734317343173435,0.1981780631474429
0000927628,Financials,2020,0.007083319268406686,0.19526211071607827
0000927628,Financials,2021,0.00521164286922169,0.1897277318417175
0000927628,Financials,2022,0.03261255446436259,0.274345992532575
0000927628,Financials,2023,0.037130923018180856,0.2818102584737459
0000927628,Financials,2024,0.041489197969871154,0.28591999647510286
0000927628,Financials,2025,,
0000927653,Health Care,2015,0.058938638601674045,0.19947278334464452
0000927653,Health Care,2016,0.05832920148195597,0.19355396900220057
0000927653,Health Care,2017,0.0625381262679878,0.17978115287672036
0000927653,Health Care,2018,0.06954762727960866,0.17852872282589763
0000927653,Health Care,2019,0.08844765125608085,0.17891301943576848
0000927653,Health Care,2020,0.07760751744693005,0.2462285038934681
0000927653,Health Care,2021,0.0770132709925281,0.3189458817803939
0000927653,Health Care,2022,0.08269756381339238,0.34139043652145534
0000927653,Health Care,2023,0.0734025846261737,0.29341403970135277
0000927653,Health Care,2024,0.08504934080235388,0.3041525757137009
0000927653,Health Care,2025,,
0000935703,Consumer Staples,2015,0.007478344562078922,0.14520252576174705
0000935703,Consumer Staples,2016,0.0071709461022438125,0.16370714358154662
0000935703,Consumer Staples,2017,0.006976545842217483,0.14833767842012643
0000935703,Consumer Staples,2018,0.010993850208653634,0.15877190156737478
0000935703,Consumer Staples,2019,0.012848189415041782,0.22146535366788703
0000935703,Consumer Staples,2020,0.012957841231873225,0.16674887629435403
0000935703,Consumer Staples,2021,0.02470875101598483,0.17608078534148303
0000935703,Consumer Staples,2022,0.04475932571946565,0.2516428300103356
0000935703,Consumer Staples,2023,0.06430439373509977,0.23650226039574598
0000935703,Consumer Staples,2024,0.06205421126665697,0.2890876241559529
0000935703,Consumer Staples,2025,,
0000936340,Utilities,2015,0.3167836919592299,0.06313703284258211
0000936340,Utilities,2016,0.287569573283859,0.05671879141266896
0000936340,Utilities,2017,0.3086792452830188,0.046226415094339626
0000936340,Utilities,2018,0.32631497683993826,0.04343798250128668
0000936340,Utilities,2019,0.34921135646687695,0.04037854889589906
0000936340,Utilities,2020,0.3337567504108946,0.03831885419112468
0000936340,Utilities,2021,0.23927817239393356,0.09998080245728547
0000936340,Utilities,2022,0.4491268917345751,0.09433449747768724
0000936340,Utilities,2023,0.5528101802757158,0.06606574761399787
0000936340,Utilities,2024,0.561655172413793,0.06758620689655173
0000936340,Utilities,2025,,
0000936468,Industrials,2015,0.06780910163439302,0.1651420511449141
0000936468,Industrials,2016,0.05576338138940845,0.1426580820566452
0000936468,Industrials,2017,0.06307880599212813,0.17595372189452296
0000936468,Industrials,2018,0.06500477846096227,0.1628924075202062
0000936468,Industrials,2019,0.07368807450592617,0.1550345147053763
0000936468,Industrials,2020,0.06263044439514348,0.17867922033509814
0000936468,Industrials,2021,0.047225192987630095,0.1763732653573743
0000936468,Industrials,2022,0.12294038614452826,0.21554198712569003
0000936468,Industrials,2023,0.16465431529342217,0.2070947186684182
0000936468,Industrials,2024,0.1737305436427362,0.23195417733399623
0000936468,Industrials,2025,,
0000940944,Consumer Discretionary,2015,0.04121178475761492,0.16672777136614916
0000940944,Consumer Discretionary,2016,0.044807490446001325,0.17763130626370344
0000940944,Consumer Discretionary,2017,0.048053004540347985,0.19039918439576606
0000940944,Consumer Discretionary,2018,0.039686072431552616,0.21795200030156137
0000940944,Consumer Discretionary,2019,0.08672221524666207,0.22207656625622157
0000940944,Consumer Discretionary,2020,0.07352914266342413,0.1887882881786254
0000940944,Consumer Discretionary,2021,0.07369867430203192,0.1775084651469467
0000940944,Consumer Discretionary,2022,0.09509791206605255,0.21459053665782676
0000940944,Consumer Discretionary,2023,0.11931672045030556,0.2213755072268209
0000940944,Consumer Discretionary,2024,0.13029274554619744,0.23734562526515582
0000940944,Consumer Discretionary,2025,,
0000943452,Industrials,2015,0.09273107009615147,0.06293315470364438
0000943452,Industrials,2016,0.09362223548799019,0.06084454984127489
0000943452,Industrials,2017,0.09480572612357807,0.12585073127163113
0000943452,Industrials,2018,0.09535312729055646,0.11998772756988055
0000943452,Industrials,2019,0.08454805721605466,0.11637460859664106
0000943452,Industrials,2020,0.09646023910186156,0.11445068773210237
0000943452,Industrials,2021,0.08104537713476262,0.09503559787593895
0000943452,Industrials,2022,0.22226679917289768,0.19601522628660817
0000943452,Industrials,2023,0.24555640399071127,0.21652435017280697
0000943452,Industrials,2024,0.2594952916333619,0.2373360295317726
0000943452,Industrials,2025,,
0000943819,Health Care,2015,0.0015868477483917082,0.18465398645580539
0000943819,Health Care,2016,0.004195993502977802,0.16071871346405842
0000943819,Health Care,2017,0.0026865916741932836,0.20437366689915884
0000943819,Health Care,2018,0.0,0.12514675399327632
0000943819,Health Care,2019,0.0,0.2531267551079694
0000943819,Health Care,2020,0.0,0.023529411764705882
0000943819,Health Care,2021,0.0,0.19788347875035184
0000943819,Health Care,2022,0.01814020846945345,0.21585538346648575
0000943819,Health Care,2023,0.02743929167554935,0.242346002239445
0000943819,Health Care,2024,0.030476061439732593,0.25004596709945376
0000943819,Health Care,2025,,
0000945841,Consumer Discretionary,2015,0.055527662907439754,0.11098429512735024
0000945841,Consumer Discretionary,2016,0.053264668366585964,0.11709522610636944
0000945841,Consumer Discretionary,2017,0.056939847566700015,0.12204474848336833
0000945841,Consumer Discretionary,2018,0.054106664239552835,0.12091617506629262
0000945841,Consumer Discretionary,2019,0.05373363321996383,0.11247848147773827
0000945841,Consumer Discretionary,2020,0.06248341633367005,0.12435876667751657
0000945841,Consumer Discretionary,2021,0.07450113527612542,0.12093205231652625
0000945841,Consumer Discretionary,2022,0.12801098629232704,0.19761158237585474
0000945841,Consumer Discretionary,2023,0.14500222935616194,0.19603605935127677
0000945841,Consumer Discretionary,2024,0.15053691410611206,0.21596590831414508
0000945841,Consumer Discretionary,2025,,
0000946581,Communication Services,2015,0.0,0.12043783616001127
0000946581,Communication Services,2016,0.0,0.125391789485415
0000946581,Communication Services,2017,0.0,0.13659189008640757
0000946581,Communication Services,2018,0.0,0.12117351192409292
0000946581,Communication Services,2019,0.005547620837405096,0.10252457745400477
0000946581,Communication Services,2020,0.0070315035154137374,0.10259208117326568
0000946581,Communication Services,2021,0.006783695328771199,0.12066979692422694
0000946581,Communication Services,2022,0.007768381083879875,0.13698745256900602
0000946581,Communication Services,2023,0.01022705992905364,0.14888949821297986
0000946581,Communication Services,2024,0.011335817379759305,0.1647546699130116
0000946581,Communication Services,2025,,
0000947484,Financials,2015,0.003825951818280493,0.1671727430875234
0000947484,Financials,2016,0.005304832650975786,0.162473793962911
0000947484,Financials,2017,0.004350411880005348,0.16553844317258223
0000947484,Financials,2018,0.0064391850109903875,0.1898096328817487
0000947484,Financials,2019,0.008031738405544563,0.2031608176075662
0000947484,Financials,2020,0.01060203821537999,0.1989056415213254
0000947484,Financials,2021,0.02531033081719323,0.19278203518250023
0000947484,Financials,2022,0.06584792337858635,0.2063418083934849
0000947484,Financials,2023,0.07357778033535878,0.21884605609210572
0000947484,Financials,2024,0.07817617401981021,0.24398517716546816
0000947484,Financials,2025,,
0001000228,Health Care,2015,0.0063265029176279,0.19599818462880234
0001000228,Health Care,2016,0.011562969093639129,0.19872592812592188
0001000228,Health Care,2019,0.014975706769464595,0.22181122097132513
0001000228,Health Care,2020,0.014109079691028155,0.2281770942035245
0001000228,Health Care,2021,0.010414777991923032,0.23077474196568468
0001000228,Health Care,2022,0.017051694526956894,0.32949413324225924
0001000228,Health Care,2023,0.017588257261671,0.28461637006868606
0001000228,Health Care,2025,,
0001000697,Health Care,2015,0.10243866081635801,0.11064339918172315
0001000697,Health Care,2016,0.10796948613778974,0.10081270346136789
0001000697,Health Care,2017,0.09811006374001256,0.17954349582547807
0001000697,Health Care,2018,0.09890156987288315,0.23542035793275173
0001000697,Health Care,2019,0.10871183165673702,0.23434674892864507
0001000697,Health Care,2020,0.10137347304127346,0.22902083860312028
0001000697,Health Care,2021,0.07506972526501733,0.19653018380867424
0001000697,Health Care,2022,0.13195464533420628,0.2308986867260902
0001000697,Health Care,2023,0.13462822844812986,0.21242342845924858
0001000697,Health Care,2024,0.13474904626113926,0.22262215044342565
0001000697,Health Care,2025,,
0001001250,Consumer Staples,2015,0.024792396763421917,0.3855637492654188
0001001250,Consumer Staples,2016,0.020185840980411755,0.36493139454116896
0001001250,Consumer Staples,2017,0.020092390721982836,0.4089144523307377
0001001250,Consumer Staples,2018,0.022325081248731005,0.2761365279642886
0001001250,Consumer Staples,2019,0.031219307072840204,0.29468888104675656
0001001250,Consumer Staples,2020,0.04365439979404638,0.28404982518670685
0001001250,Consumer Staples,2021,0.039944149971334296,0.252726028268296
0001001250,Consumer Staples,2022,0.0511687375650142,0.3142112578781699
0001001250,Consumer Staples,2023,0.055513295899725715,0.32894367038513805
0001001250,Consumer Staples,2024,0.05571060374725514,0.3632994852304827
0001001250,Consumer Staples,2025,,
0001002047,Information Technology,2015,0.08021379796397807,0.1587817876719991
0001002047,Information Technology,2016,0.08044173089332292,0.18053740929528003
0001002047,Information Technology,2017,0.10791917686901589,0.18229169438183457
0001002047,Information Technology,2018,0.0975332665304134,0.1637008874681846
0001002047,Information Technology,2019,0.11190924544394147,0.1755166989867641
0001002047,Information Technology,2020,0.10414766225881128,0.15966258027828414
0001002047,Information Technology,2021,0.07754850895784368,0.1450829821489821
0001002047,Information Technology,2022,0.13887749659182072,0.2272800775959503
0001002047,Information Technology,2023,0.13963752029397997,0.23218472198465254
0001002047,Information Technology,2024,0.13877298923207804,0.2390741672000916
0001002047,Information Technology,2025,,
0001002910,Utilities,2015,0.33972482663860243,0.13381936466018307
0001002910,Utilities,2016,0.3623097501172275,0.12242077029952943
0001002910,Utilities,2017,0.3909084139879701,0.12899686187551448
0001002910,Utilities,2018,0.39162439689605444,0.10288062491590963
0001002910,Utilities,2019,0.4906128521647689,0.09952002507367538
0001002910,Utilities,2020,0.5117686527106817,0.11450318006464393
0001002910,Utilities,2021,0.3867109965437691,0.11891294628993732
0001002910,Utilities,2022,0.5610785269475053,0.1428139340091159
0001002910,Utilities,2023,0.5770053291277548,0.15620587897475768
0001002910,Utilities,2024,0.5675396641808187,0.14950231500379357
0001002910,Utilities,2025,,
0001004980,Utilities,2015,0.42264860240888985,0.19694335008830322
0001004980,Utilities,2016,0.43092569321925617,0.18401591313618956
0001004980,Utilities,2017,0.43242938402615705,0.20355760058196004
0001004980,Utilities,2018,0.878157894736842,0.0
0001004980,Utilities,2019,0.5332398823041017,0.15594039336605892
0001004980,Utilities,2020,0.49474778081215787,0.14965899362720966
0001004980,Utilities,2021,0.4199260606156328,0.20375424029400413
0001004980,Utilities,2022,0.5591109288519049,0.21636664420387086
0001004980,Utilities,2023,0.5942659651859539,0.2112494533346765
0001004980,Utilities,2024,0.6615809208836964,0.20320591375276248
0001004980,Utilities,2025,,
0001013237,Financials,2015,0.0,0.22203170819370002
0001013237,Financials,2016,0.0,0.3004467134652201
0001013237,Financials,2017,0.0,0.3651687599779602
0001013237,Financials,2018,0.0,0.2849825146216683
0001013237,Financials,2019,0.0,0.257260676504695
0001013237,Financials,2020,0.0035406454248366015,0.20006899724011037
0001013237,Financials,2021,0.00213573134747787,0.16241334895210904
0001013237,Financials,2022,0.002524869109947644,0.18994261414298455
0001013237,Financials,2023,0.002545708481462671,0.22404738379502945
0001013237,Financials,2024,0.002538653366583541,0.2269021768722299
0001013871,Utilities,2015,0.2856026575875697,0.05305023717058219
0001013871,Utilities,2016,0.2917297828768328,0.05645826141078472
0001013871,Utilities,2017,0.3330301354590048,0.07265358912672465
0001013871,Utilities,2018,0.3401911778433212,0.07102179923077206
0001013871,Utilities,2019,0.31427639262605656,0.0543495125721372
0001013871,Utilities,2020,0.33065766708692074,0.07210992785485282
0001013871,Utilities,2021,0.2051112418388898,0.08847976062204603
0001013871,Utilities,2022,0.2751242899458874,0.10878786271929465
0001013871,Utilities,2023,0.3292354379937428,0.11781381411167624
0001013871,Utilities,2024,0.3244094190441225,0.17349695642911858
0001013871,Utilities,2025,,
0001014473,Information Technology,2015,0.004690612737699969,0.18863116323055754
0001014473,Information Technology,2016,0.006137398534943575,0.1868158514060321
0001014473,Information Technology,2017,0.006285055704955821,0.15711673188849937
0001014473,Information Technology,2018,0.006347726840403272,0.1616263564236772
0001014473,Information Technology,2019,0.006786206896551724,0.13772580644351193
0001014473,Information Technology,2020,0.007964988053666605,0.15317212181946502
0001014473,Information Technology,2021,0.001795204913192394,0.1726721767766349
0001014473,Information Technology,2022,0.0022131711794401102,0.19395079004461976
0001014473,Information Technology,2023,0.002402060620582245,0.21776016750372998
0001014473,Information Technology,2024,0.002367717176415862,0.20887690521026353
0001014473,Information Technology,2025,,
0001018724,Consumer Discretionary,2015,0.009567492688933353,0.23269016220168987
0001018724,Consumer Discretionary,2016,0.009429657794676806,0.21100920498679904
0001018724,Consumer Discretionary,2017,0.009827301396606097,0.21976124310498588
0001018724,Consumer Discretionary,2018,0.009457276463086297,0.2014055739658593
0001018724,Consumer Discretionary,2019,0.011074429771908763,0.19875670686546495
0001018724,Consumer Discretionary,2020,0.011755730367557303,0.2061059709306249
0001018724,Consumer Discretionary,2021,0.012307692307692306,0.20589753429261062
0001018724,Consumer Discretionary,2022,0.024746632456703013,0.2224262918516766
0001018724,Consumer Discretionary,2023,0.024421437271619974,0.2148731787455909
0001018724,Consumer Discretionary,2024,0.037482453112415146,0.23150987713253474
0001018724,Consumer Discretionary,2025,,
0001020569,Real Estate,2016,0.054034509145048204,0.15585481040348
0001020569,Real Estate,2017,0.05910237737097379,0.15582879329864305
0001020569,Real Estate,2018,0.056969650590664854,0.1506486177107282
0001020569,Real Estate,2019,0.14160781279510998,0.15047063065538024
0001020569,Real Estate,2020,0.15528624576662486,0.14503923736824267
0001020569,Real Estate,2021,0.17750544368120982,0.1711445314713634
0001020569,Real Estate,2022,0.24965601021686998,0.21800987428393012
0001020569,Real Estate,2023,0.2828367362973387,0.2180759304656475
0001020569,Real Estate,2024,0.2853045307414933,0.2291661259330009
0001020569,Real Estate,2025,,
0001022079,Health Care,2015,0.00530776006113752,0.1669460553284692
0001022079,Health Care,2016,0.0043007815011415675,0.16620364826476458
0001022079,Health Care,2017,0.00432087971491521,0.20002640440423888
0001022079,Health Care,2018,0.004263006851726164,0.1919361967031687
0001022079,Health Care,2019,0.007425263597414125,0.18966155767583426
0001022079,Health Care,2020,0.006744518528881543,0.19117291758961213
0001022079,Health Care,2021,0.005421005269972816,0.1654682079288296
0001022079,Health Care,2022,0.016564430086223218,0.20713712804830997
0001022079,Health Care,2023,0.023497660816431124,0.19365799883900514
0001022079,Health Care,2024,0.025383843119697456,0.22393224033185208
0001022079,Health Care,2025,,
0001022671,Materials,2015,0.2831563061757965,0.07773947045764973
0001022671,Materials,2016,0.28002503487187846,0.10200201961991624
0001022671,Materials,2017,0.33405217080887945,0.11041913072502878
0001022671,Materials,2018,0.3147874648996825,0.12458074500033443
0001022671,Materials,2019,0.33099599034844024,0.11770669962682091
0001022671,Materials,2020,0.3279681219263517,0.12492520243447822
0001022671,Materials,2021,0.2781876974651142,0.11934919141173576
0001022671,Materials,2022,0.3764439646989382,0.15509113199037192
0001022671,Materials,2023,0.43083531081291154,0.15664054301441982
0001022671,Materials,2024,0.4418071480806236,0.16381187803859187
0001022671,Materials,2025,,
0001024478,Industrials,2015,0.07986321568701918,0.31489034895120005
0001024478,Industrials,2016,0.09927017003920871,0.28898890468381283
0001024478,Industrials,2017,0.10155100186509199,0.2866144215633545
0001024478,Industrials,2018,0.105513579635358,0.2882362911790281
0001024478,Industrials,2019,0.10997387703463342,0.27170320562756617
0001024478,Industrials,2020,0.09523773133252397,0.2422930532738458
0001024478,Industrials,2021,0.10897705797432196,0.21912484571348587
0001024478,Industrials,2022,0.14655140469186625,0.27149276270872413
0001024478,Industrials,2023,0.18805465351096734,0.3093872410617426
0001024478,Industrials,2024,0.18415003439412958,0.3284550540554135
0001031296,Utilities,2015,0.24294090205395236,0.18801304473194974
0001031296,Utilities,2016,0.2411698498269064,0.1669253617370873
0001031296,Utilities,2017,0.21262934741211995,0.1399070357073894
0001031296,Utilities,2018,0.21020216272178835,0.13829954290516128
0001031296,Utilities,2019,0.2721600038531302,0.186303301634566
0001031296,Utilities,2020,0.31236176388231973,0.17585317904114095
0001031296,Utilities,2021,0.10717021938147993,0.2860222682930803
0001031296,Utilities,2022,0.13132079459540152,0.24870965879617116
0001031296,Utilities,2023,0.16148086271818873,0.23120066962990277
0001031296,Utilities,2024,0.24390873408656105,0.224724329555329
0001031296,Utilities,2025,,
0001032208,Utilities,2015,0.25460494221566793,0.12580752398886252
0001032208,Utilities,2016,0.25394772919213704,0.12258005246211673
0001032208,Utilities,2017,0.2539845471834279,0.14365385084395554
0001032208,Utilities,2018,0.2495177931747637,0.15667099337194224
0001032208,Utilities,2019,0.25968702728098975,0.16826204806676415
0001032208,Utilities,2020,0.26159107411027926,0.12676328459634836
0001032208,Utilities,2021,0.21561537741936423,0.13831087333367773
0001032208,Utilities,2022,0.2873876201744798,0.15459880892343292
0001032208,Utilities,2023,0.31458047618572227,0.13034531839692842
0001032208,Utilities,2024,0.33699615450467,0.12780931865482015
0001032208,Utilities,2025,,
0001034054,Real Estate,2015,0.07583954766685953,0.0670855740104149
0001034054,Real Estate,2016,0.07694937152203468,0.062463701103363765
0001034054,Real Estate,2017,0.07338995654834649,0.0881483066082084
0001034054,Real Estate,2018,0.08247088882850766,0.08785646248692221
0001034054,Real Estate,2019,0.08883185438748542,0.08986576419103783
0001034054,Real Estate,2020,0.08163290791042174,0.0796094398345711
0001034054,Real Estate,2021,0.06745810937317753,0.08203958266321906
0001034054,Real Estate,2022,0.11253000546558672,0.08947454666667341
0001034054,Real Estate,2023,0.124046353989416,0.09749650662817184
0001034054,Real Estate,2024,0.1316178147565662,0.10845810562268361
0001034054,Real Estate,2025,,
0001035002,Energy,2015,0.21260704332404357,0.0677983278439321
0001035002,Energy,2016,0.2728353948620361,0.08144624167459562
0001035002,Energy,2017,0.3283675289919714,0.09834968777876896
0001035002,Energy,2018,0.3526056654676259,0.10436151079136691
0001035002,Energy,2019,0.3454468085106383,0.1062127659574468
0001035002,Energy,2020,0.3017063942489595,0.1543700340522134
0001035002,Energy,2021,0.2961423561501494,0.10146772308091961
0001035002,Energy,2022,0.41790646807624204,0.13811061347776274
0001035002,Energy,2023,0.6010532712173385,0.1577374924042941
0001035002,Energy,2024,0.6422972699696663,0.1541557128412538
0001035002,Energy,2025,,
0001035267,Health Care,2015,0.0025595551272381465,0.19901804941033768
0001035267,Health Care,2016,0.0,0.1823152173232703
0001035267,Health Care,2017,0.0,0.18138536640964245
0001035267,Health Care,2018,0.0,0.1730780227038543
0001035267,Health Care,2019,0.0,0.1879632756534754
0001035267,Health Care,2020,0.0,0.1749432920647977
0001035267,Health Care,2021,0.0028580830160297092,0.16084636220327003
0001035267,Health Care,2022,0.01612134887802432,0.20822848882852069
0001035267,Health Care,2023,0.023840665873959572,0.259416387919393
0001035267,Health Care,2024,0.021326071017073428,0.2724375901739429
0001035267,Health Care,2025,,
0001035443,Real Estate,2015,0.17128475493974202,0.28562428260948974
0001035443,Real Estate,2016,0.1575476899066777,0.25573564127125836
0001035443,Real Estate,2017,0.17098539506858423,0.2704051121718224
0001035443,Real Estate,2018,0.16989561612423704,0.20339617381918512
0001035443,Real Estate,2019,0.1999621932623072,0.22046676532109988
0001035443,Real Estate,2020,0.19578606113527935,0.21864751490440118
0001035443,Real Estate,2021,0.13094872653696663,0.21164383575367396
0001035443,Real Estate,2022,0.2019780637814266,0.23886661944859788
0001035443,Real Estate,2023,0.2258991333107519,0.25574012816500824
0001035443,Real Estate,2024,0.202659755100735,0.26317758574131933
0001035443,Real Estate,2025,,
0001037038,Consumer Discretionary,2015,0.01062138845246395,0.13194420285626302
0001037038,Consumer Discretionary,2016,0.010400343335471723,0.14435022320285604
0001037038,Consumer Discretionary,2017,0.011599326265541247,0.18340194746559382
0001037038,Consumer Discretionary,2018,0.012680109472368101,0.17840388089632025
0001037038,Consumer Discretionary,2019,0.01413219062810487,0.1570187939819825
0001037038,Consumer Discretionary,2020,0.019317465373451657,0.14676534886017514
0001037038,Consumer Discretionary,2021,0.020455628969009855,0.14888435346009554
0001037038,Consumer Discretionary,2022,0.046083960226393134,0.16899521235120987
0001037038,Consumer Discretionary,2023,0.05664453676702552,0.17567239726357484
0001037038,Consumer Discretionary,2024,0.06681300051185961,0.16896262735339687
0001037038,Consumer Discretionary,2025,,
0001037540,Real Estate,2015,0.05434736526308845,0.2722802434476832
0001037540,Real Estate,2016,0.06020089936197271,0.28726472156306615
0001037540,Real Estate,2017,0.06449896050050487,0.2741209893006231
0001037540,Real Estate,2018,0.06746989790179786,0.2688809183846065
0001037540,Real Estate,2019,0.0806696008055348,0.24062373171412701
0001037540,Real Estate,2020,0.1330783428719628,0.2125070151692719
0001037540,Real Estate,2021,0.13040833662347606,0.22373942069559602
0001037540,Real Estate,2022,0.3069133112639991,0.23141024152574488
0001037540,Real Estate,2023,0.3200585937675677,0.23571790180677152
0001037540,Real Estate,2024,0.34224122260170703,0.2360671566939625
0001037540,Real Estate,2025,,
0001037646,Health Care,2015,0.089815338215429,0.18092989710335378
0001037646,Health Care,2016,0.08918009906590176,0.18183652435025582
0001037646,Health Care,2017,0.0938841612840242,0.18672779834316885
0001037646,Health Care,2018,0.11156509586851648,0.1902502880495206
0001037646,Health Care,2019,0.11897912816788123,0.18556960984500695
0001037646,Health Care,2020,0.09892449315941083,0.18493509161739166
0001037646,Health Care,2021,0.09449038073203347,0.16876474741979797
0001037646,Health Care,2022,0.1567555582088904,0.2011330749950024
0001037646,Health Care,2023,0.15798467997219973,0.20752234462178093
0001037646,Health Care,2024,0.1477556604897042,0.21820621704088292
0001037646,Health Care,2025,,
0001037868,Industrials,2015,0.09981277820226288,0.09407318991087837
0001037868,Industrials,2016,0.10588438496857917,0.09000933001962877
0001037868,Industrials,2017,0.09225424783386929,0.16971945101103147
0001037868,Industrials,2018,0.1102650923614395,0.16398625575998857
0001037868,Industrials,2019,0.11165626058172964,0.1521095192706899
0001037868,Industrials,2020,0.10443694437382392,0.15969651209448923
0001037868,Industrials,2021,0.10255912256871318,0.1661684656299805
0001037868,Industrials,2022,0.20224361838341462,0.21396504753861662
0001037868,Industrials,2023,0.22565789350123863,0.21931378109328087
0001037868,Industrials,2024,0.2335365561302979,0.26692027555681475
0001037868,Industrials,2025,,
0001039684,Energy,2015,0.21956196672248357,0.11532374038350045
0001039684,Energy,2016,0.21533675200423372,0.10920376904307323
0001039684,Energy,2017,0.21232441118275633,0.11729531331319755
0001039684,Energy,2018,0.2333216426452518,0.10140790720949222
0001039684,Energy,2019,0.2955923984968594,0.13771807327615426
0001039684,Energy,2020,0.28015967353036897,0.16894004615248068
0001039684,Energy,2021,0.22515323891046313,0.16254414297714143
0001039684,Energy,2022,0.36027341000942964,0.17470750528922563
0001039684,Energy,2023,0.4050696022087242,0.1915912123418784
0001039684,Energy,2024,0.419055171983393,0.20565138527100438
0001039684,Energy,2025,,
0001041061,Consumer Discretionary,2015,0.03205422809161638,0.2373738310618378
0001041061,Consumer Discretionary,2016,0.026949682092240593,0.21013666202574866
0001041061,Consumer Discretionary,2017,0.027438862132938554,0.21679628206809964
0001041061,Consumer Discretionary,2018,0.026959689185672923,0.21901420111557612
0001041061,Consumer Discretionary,2019,0.03233452741802149,0.19889948256330178
0001041061,Consumer Discretionary,2020,0.037392375096739754,0.18559092061371563
0001041061,Consumer Discretionary,2021,0.030140332264364765,0.16938701082632074
0001041061,Consumer Discretionary,2022,0.05313334406136583,0.2068565027282241
0001041061,Consumer Discretionary,2023,0.061040353677751055,0.22136704073561397
0001041061,Consumer Discretionary,2024,0.06586054435184716,0.22777284739478565
0001041061,Consumer Discretionary,2025,,
0001043277,Industrials,2015,0.043330438834073545,0.14109006229007898
0001043277,Industrials,2016,0.0436173161496311,0.13581190520871142
0001043277,Industrials,2017,0.04471316719980306,0.12708716059221387
0001043277,Industrials,2018,0.045415090783220195,0.12093106063747022
0001043277,Industrials,2019,0.046922351268579736,0.13161627840915277
0001043277,Industrials,2020,0.060902596447198545,0.13229079449156414
0001043277,Industrials,2021,0.058171461302773626,0.1093849089489843
0001043277,Industrials,2022,0.11648488435378465,0.16725740140460943
0001043277,Industrials,2023,0.14013234351122927,0.21962949846771018
0001043277,Industrials,2024,0.14031005152525716,0.18420253708215903
0001043277,Industrials,2025,,
0001045609,Real Estate,2015,0.11682555080308558,0.24669749052883808
0001045609,Real Estate,2016,0.10405461309104365,0.20300806033392962
0001045609,Real Estate,2017,0.10487237719416767,0.18828224296909804
0001045609,Real Estate,2018,0.10456250052265993,0.16897232964845837
0001045609,Real Estate,2019,0.138779801461776,0.20796306951182847
0001045609,Real Estate,2020,0.12554834016005548,0.20228001364512
0001045609,Real Estate,2021,0.10639783756626835,0.16662333899000226
0001045609,Real Estate,2022,0.1826749657328952,0.18518239143124005
0001045609,Real Estate,2023,0.24629231932990167,0.22011494252873562
0001045609,Real Estate,2024,0.17164345337999767,0.23040763118014604
0001045609,Real Estate,2025,,
0001045810,Information Technology,2015,0.025731793977343813,0.2041151977970084
0001045810,Information Technology,2016,0.023622044593411037,0.19982943094338518
0001045810,Information Technology,2017,0.029546769071491737,0.20516965877434892
0001045810,Information Technology,2018,0.032345532538131966,0.203981403262242
0001045810,Information Technology,2019,0.03783263121368395,0.20443853536417164
0001045810,Information Technology,2020,0.03367595877750351,0.18774581571983365
0001045810,Information Technology,2021,0.02511340595510518,0.15321377104671702
0001045810,Information Technology,2022,0.10077129543555093,0.24649546039412748
0001045810,Information Technology,2023,0.10441334672303948,0.2301851941265688
0001045810,Information Technology,2024,0.11203391346523463,0.2864645038838297
0001045810,Information Technology,2025,,
0001047862,Utilities,2015,0.3810725355091994,0.09660995648070625
0001047862,Utilities,2016,0.39133288007970823,0.09986528843540235
0001047862,Utilities,2017,0.4761356458487364,0.09724260902589625
0001047862,Utilities,2018,0.47017820554627177,0.09235439828555436
0001047862,Utilities,2019,0.5630590062111801,0.09541124907929312
0001047862,Utilities,2020,0.6225383161832211,0.09044869844147227
0001047862,Utilities,2021,0.5068710073349517,0.07224685052412272
0001047862,Utilities,2022,0.6481475465269306,0.08452042308281933
0001047862,Utilities,2023,0.6614661474383973,0.08279610887748971
0001047862,Utilities,2024,0.5240995281573588,0.09357156218221888
0001047862,Utilities,2025,,
0001048286,Consumer Discretionary,2015,0.04058556701030928,0.22379744274076788
0001048286,Consumer Discretionary,2016,0.048549291130893506,0.20265785755235083
0001048286,Consumer Discretionary,2017,0.0532128659197687,0.21903748134272913
0001048286,Consumer Discretionary,2018,0.02386427993588291,0.22074186020094588
0001048286,Consumer Discretionary,2019,0.029039818295219493,0.2569288585263717
0001048286,Consumer Discretionary,2020,0.03279153701555075,0.2332390644706963
0001048286,Consumer Discretionary,2021,0.008793498475889594,0.21197503041775018
0001048286,Consumer Discretionary,2022,0.08380936351963478,0.24647407889574496
0001048286,Consumer Discretionary,2023,0.09903327373444769,0.2256852789019945
0001048286,Consumer Discretionary,2024,0.09881464811729734,0.24467264922262558
0001048286,Consumer Discretionary,2025,,
0001048695,Information Technology,2015,0.0069749571442293355,0.1319154491542087
0001048695,Information Technology,2016,0.006888264315335777,0.13283071461132345
0001048695,Information Technology,2017,0.0067612738299389205,0.1549183065496702
0001048695,Information Technology,2018,0.006449818744885791,0.15233018395317682
0001048695,Information Technology,2019,0.005547759847649594,0.15791266943606877
0001048695,Information Technology,2020,0.005116084604033448,0.1617245436725508
0001048695,Information Technology,2021,0.03908339280384801,0.15892752839353366
0001048695,Information Technology,2022,0.05821487847667106,0.20465819715755654
0001048695,Information Technology,2023,0.07181864373851723,0.18877832729361668
0001048695,Information Technology,2024,0.07567383524460398,0.22826323682809532
0001048911,Industrials,2015,0.06776710005652911,0.0522248243559719
0001048911,Industrials,2016,0.06205976125157559,0.053948246459553637
0001048911,Industrials,2017,0.0719120879120879,0.06015915119363396
0001048911,Industrials,2018,0.07306095063210678,0.06258916590154673
0001048911,Industrials,2019,0.10748292486942547,0.05989018347395206
0001048911,Industrials,2020,0.09249586016559339,0.056301747930082795
0001048911,Industrials,2021,0.1355851467197566,0.14063311437668757
0001048911,Industrials,2022,0.17170217467752905,0.1686724492040115
0001048911,Industrials,2023,0.20149836602299265,0.16512241433187624
0001048911,Industrials,2024,0.25540252890866366,0.21631845234542388
0001048911,Industrials,2025,,
0001050915,Industrials,2015,0.185554264881097,0.22675624272558573
0001050915,Industrials,2016,0.1488557593547638,0.27541534375191634
0001050915,Industrials,2017,0.14572194456937007,0.310996704395279
0001050915,Industrials,2018,0.13755257267458634,0.3069328429186193
0001050915,Industrials,2019,0.1587887404974725,0.26457603490277987
0001050915,Industrials,2020,0.14675851526091144,0.28017328285210114
0001050915,Industrials,2021,0.1396361302743462,0.2950060564736082
0001050915,Industrials,2022,0.3375979552953897,0.32808439688546703
0001050915,Industrials,2023,0.4276880902405798,0.3105659273550695
0001050915,Industrials,2024,0.434426567189669,0.30852400400980534
0001050915,Industrials,2025,,
0001051470,Real Estate,2015,0.10445009162947173,0.16586734633618722
0001051470,Real Estate,2016,0.11038469929418859,0.1427391418626881
0001051470,Real Estate,2017,0.11154971032382185,0.13722282345345546
0001051470,Real Estate,2018,0.10451147713793364,0.12303389330234452
0001051470,Real Estate,2019,0.11171171662731472,0.14528912511487127
0001051470,Real Estate,2020,0.10858876897535152,0.23211538253465047
0001051470,Real Estate,2021,0.10032138821381552,0.19702895917373625
0001051470,Real Estate,2022,0.16852942496375514,0.2192613324777237
0001051470,Real Estate,2023,0.18401451850599937,0.2180899633988084
0001051470,Real Estate,2024,0.18013965029580842,0.24684988816082015
0001051470,Real Estate,2025,,
0001053507,Real Estate,2015,0.04674409837257054,0.10561598725225081
0001053507,Real Estate,2016,0.04941335786882994,0.10733180007039246
0001053507,Real Estate,2017,0.05671898482846447,0.11161019758866644
0001053507,Real Estate,2018,0.06223812206442159,0.10426094133248018
0001053507,Real Estate,2019,0.07485299017818892,0.11143191110123817
0001053507,Real Estate,2020,0.07512539566089714,0.11469781111497988
0001053507,Real Estate,2021,0.05743256990317589,0.13326519468484688
0001053507,Real Estate,2022,0.1151179463614604,0.1543698703036343
0001053507,Real Estate,2023,0.1312378660359188,0.16657336176997148
0001053507,Real Estate,2024,0.13018276879543683,0.1650492238352615
0001053507,Real Estate,2025,,
0001057352,Real Estate,2015,0.005564648709261022,0.063405166858655
0001057352,Real Estate,2016,0.0057365705801202035,0.07106752941148417
0001057352,Real Estate,2017,0.005868927064880361,0.07104608211896664
0001057352,Real Estate,2018,0.00580917931687905,0.09504756412212746
0001057352,Real Estate,2019,0.008134965365416491,0.09638279550290124
0001057352,Real Estate,2020,0.007655154249491687,0.09483024922293806
0001057352,Real Estate,2021,0.005956198638574073,0.07178073194945676
0001057352,Real Estate,2022,0.009483734376080886,0.0820378117350363
0001057352,Real Estate,2023,0.022156579394763686,0.1327276403235654
0001057352,Real Estate,2024,0.021689748422519053,0.13989505735736923
0001057352,Real Estate,2025,,
0001058090,Consumer Discretionary,2015,0.029614496224155972,0.23894969694637838
0001058090,Consumer Discretionary,2016,0.03627273694287842,0.23901712583767684
0001058090,Consumer Discretionary,2017,0.03865436543654365,0.23816381638163817
0001058090,Consumer Discretionary,2018,0.03796359499431171,0.25604854000758437
0001058090,Consumer Discretionary,2019,0.041949504095286444,0.21289382562641593
0001058090,Consumer Discretionary,2020,0.06890572819962366,0.26116032896827884
0001058090,Consumer Discretionary,2021,0.039821044760175194,0.23485735595458918
0001058090,Consumer Discretionary,2022,0.059344772446341,0.29128653224384027
0001058090,Consumer Discretionary,2023,0.09283900910528994,0.32389928991732936
0001058090,Consumer Discretionary,2024,0.06949779517566383,0.3367535606813933
0001058090,Consumer Discretionary,2025,,
0001058290,Information Technology,2015,0.0037535880825951447,0.2809327452955816
0001058290,Information Technology,2016,0.0039354393094865004,0.26638184874424686
0001058290,Information Technology,2017,0.002252512735784111,0.3523731344882835
0001058290,Information Technology,2018,0.0027941053336682574,0.3046445080135457
0001058290,Information Technology,2019,0.007242394504416094,0.39923249078841216
0001058290,Information Technology,2020,0.008991182572614108,0.38382271820974195
0001058290,Information Technology,2021,0.021369273130269213,0.28226410420757614
0001058290,Information Technology,2022,0.02932479556297396,0.2924489308291824
0001058290,Information Technology,2023,0.11284361095648598,0.3250938226132798
0001058290,Information Technology,2024,0.05481881377608741,0.2683687454442544
0001058290,Information Technology,2025,,
0001059556,Financials,2015,0.0,0.3872754294452584
0001059556,Financials,2016,0.0,0.3875487721582821
0001059556,Financials,2017,0.0,0.4121495327102804
0001059556,Financials,2018,0.0,0.39090779535414
0001059556,Financials,2019,0.0,0.3600840855694324
0001059556,Financials,2020,0.022763988143209558,0.36571456657322254
0001059556,Financials,2021,0.02776098153600254,0.32624322831363073
0001059556,Financials,2022,0.07940409243692094,0.3378757802192168
0001059556,Financials,2023,0.10875493623635211,0.34873335114553683
0001059556,Financials,2024,0.09849314563888086,0.34201894795899285
0001059556,Financials,2025,,
0001060391,Industrials,2015,0.49080267328290605,0.16108404074430285
0001060391,Industrials,2016,0.47755023057636614,0.14208654885701724
0001060391,Industrials,2017,0.4997042357042382,0.15379581251465071
0001060391,Industrials,2018,0.5191509313810614,0.15722108520773162
0001060391,Industrials,2019,0.5605756320911985,0.15897673371655693
0001060391,Industrials,2020,0.5186819367258828,0.15692550728242505
0001060391,Industrials,2021,0.4567863621008668,0.15783684863250383
0001060391,Industrials,2022,0.6251747445448411,0.17953364449359943
0001060391,Industrials,2023,0.7330521974938407,0.17295827349721157
0001060391,Industrials,2024,0.7649009790951196,0.18883256554430758
0001060391,Industrials,2025,,
0001063761,Real Estate,2015,0.09507817811012916,0.33513688647613105
0001063761,Real Estate,2016,0.06863766605886949,0.3687832018401684
0001063761,Real Estate,2017,0.07188420780563452,0.43597728563540006
0001063761,Real Estate,2018,0.0710088872199274,0.41152202104292257
0001063761,Real Estate,2019,0.07323189800336781,0.41458875500251496
0001063761,Real Estate,2020,0.05483656058282209,0.4372110000803708
0001063761,Real Estate,2021,0.03917525773195876,0.32934897033693467
0001063761,Real Estate,2022,0.0724000309863592,0.3815952886071007
0001063761,Real Estate,2023,0.08433372389698487,0.3706340907650639
0001063761,Real Estate,2024,0.08783579194724649,0.38477362212162664
0001063761,Real Estate,2025,,
0001065088,Consumer Discretionary,2015,0.0006646138054914036,0.16561316876266785
0001065088,Consumer Discretionary,2016,0.0011014781125639568,0.2509480313045347
0001065088,Consumer Discretionary,2017,0.017147349953892523,0.22365141479775769
0001065088,Consumer Discretionary,2018,0.006096377865049924,0.1755878706201069
0001065088,Consumer Discretionary,2019,0.035109230708020855,0.18319785345102219
0001065088,Consumer Discretionary,2020,0.03865529043633641,0.20020861435930584
0001065088,Consumer Discretionary,2021,0.026996515435148985,0.21962170926741037
0001065088,Consumer Discretionary,2022,0.09901917985813131,0.2635947248481244
0001065088,Consumer Discretionary,2023,0.09918367920349204,0.28170375894230126
0001065088,Consumer Discretionary,2024,0.10044961201688234,0.31316123432839094
0001065088,Consumer Discretionary,2025,,
0001065280,Communication Services,2015,0.0,0.15226145109899322
0001065280,Communication Services,2016,0.0,0.12738906559132507
0001065280,Communication Services,2017,0.0,0.12888067312595616
0001065280,Communication Services,2018,0.0,0.1136912308996547
0001065280,Communication Services,2019,0.0,0.14104221755891605
0001065280,Communication Services,2020,0.0,0.14012060183829986
0001065280,Communication Services,2021,0.0,0.14054009842398713
0001065280,Communication Services,2022,0.0,0.18292657044975905
0001065280,Communication Services,2023,0.0019046261992970459,0.16685610982023383
0001065280,Communication Services,2024,0.001918763547262275,0.1735900500289769
0001065280,Communication Services,2025,,
0001065696,Consumer Discretionary,2015,0.06998832844994483,0.05424404856399808
0001065696,Consumer Discretionary,2016,0.06976781767637341,0.05091145407755421
0001065696,Consumer Discretionary,2017,0.06445620833366283,0.04552139563941765
0001065696,Consumer Discretionary,2018,0.0633741785879426,0.056816030045363945
0001065696,Consumer Discretionary,2019,0.07237981148817683,0.06402747418091348
0001065696,Consumer Discretionary,2020,0.09562038398576687,0.14612989174395855
0001065696,Consumer Discretionary,2021,0.07812294285360713,0.16008964554868385
0001065696,Consumer Discretionary,2022,0.11201478335308837,0.19482401315475548
0001065696,Consumer Discretionary,2023,0.1438266997423092,0.19397634082218065
0001065696,Consumer Discretionary,2024,0.14321693296308804,0.24294246372962813
0001065696,Consumer Discretionary,2025,,
0001067701,Industrials,2015,0.06503850327719278,0.11471448201224864
0001067701,Industrials,2016,0.06766993036923419,0.11262790909165411
0001067701,Industrials,2017,0.07070275804869249,0.11773033335917243
0001067701,Industrials,2018,0.0720451184876696,0.11529556524895927
0001067701,Industrials,2019,0.07585119941056695,0.1259196253625718
0001067701,Industrials,2020,0.07345568930290543,0.12270377116736501
0001067701,Industrials,2021,0.06975260135418582,0.12246365661113184
0001067701,Industrials,2022,0.10262350858722764,0.13090335459289387
0001067701,Industrials,2023,0.14652400741474714,0.1584191314416842
0001067701,Industrials,2024,0.14485774720999914,0.1577757259898243
0001067701,Industrials,2025,,
0001067983,Financials,2015,0.15583431413933238,0.20713703333721709
0001067983,Financials,2016,0.13741765820481217,0.203829397401231
0001067983,Financials,2017,0.1613745777778972,0.2150281587790281
0001067983,Financials,2018,0.1693849876420956,0.1973937050175793
0001067983,Financials,2019,0.18799579592272994,0.20939844061040405
0001067983,Financials,2020,0.17158763830348844,0.19513514694929526
0001067983,Financials,2021,0.14593315158094236,0.1849062253590236
0001067983,Financials,2022,0.26301633312893696,0.21869603764338055
0001067983,Financials,2023,0.35990657719160785,0.20475070317586336
0001067983,Financials,2024,0.3844814438189279,0.1836051177627893
0001067983,Financials,2025,,
0001069183,Industrials,2021,0.03466744309316371,0.18913101557225728
0001069183,Industrials,2022,0.04488610830804891,0.1990253282096778
0001069183,Industrials,2023,0.04929300181106029,0.2658902814318703
0001069183,Industrials,2024,0.06272603598273974,0.2922974849769933
0001069183,Industrials,2025,,
0001069202,Industrials,2015,0.11301623639513812,0.208681429378936
0001069202,Industrials,2016,0.11528190607671314,0.22516925629639006
0001069202,Industrials,2017,0.12068526593916112,0.26110321660547
0001069202,Industrials,2018,0.12439034340969721,0.2441050063184558
0001069202,Industrials,2019,0.13810275923147983,0.24167516974681852
0001069202,Industrials,2020,0.12685985036316932,0.23507337415574373
0001069202,Industrials,2021,0.08433907266122802,0.2035856828345227
0001069202,Industrials,2022,0.1581585774040262,0.25477470202549723
0001069202,Industrials,2023,0.17885215527215692,0.18130244088482075
0001069202,Industrials,2024,0.2151569977634494,0.17474294145261887
0001069202,Industrials,2025,,
0001070750,Real Estate,2015,0.06470186592695147,0.22218289400901964
0001070750,Real Estate,2016,0.060664870646630065,0.2023320564030758
0001070750,Real Estate,2017,0.08116137285624893,0.1838275193848242
0001070750,Real Estate,2018,0.09032493371343608,0.17221610383156602
0001070750,Real Estate,2019,0.0909404559687238,0.15821611382688497
0001070750,Real Estate,2020,0.08768945007641746,0.15817395965224662
0001070750,Real Estate,2021,0.06875077381318212,0.14623419082967917
0001070750,Real Estate,2022,0.09409086768607493,0.1697247640189868
0001070750,Real Estate,2023,0.09959312997407666,0.18366190972234203
0001070750,Real Estate,2024,0.12145388461520834,0.19453981473680054
0001070750,Real Estate,2025,,
0001071739,Health Care,2015,0.04096053156992607,0.1873545880474899
0001071739,Health Care,2016,0.048648608805967705,0.1657225342986901
0001071739,Health Care,2017,0.05852981668487064,0.16655826248829636
0001071739,Health Care,2018,0.004973403048315474,0.17329995656182073
0001071739,Health Care,2019,0.006507131641820233,0.20734580527533222
0001071739,Health Care,2020,0.014806831681233236,0.18301091755744417
0001071739,Health Care,2021,0.012303629236857001,0.16964874397178437
0001071739,Health Care,2022,0.019364255077313555,0.2210618534174396
0001071739,Health Care,2023,0.021333035808771834,0.2352648191407579
0001071739,Health Care,2024,0.016084022185028454,0.2916852090687988
0001071739,Health Care,2025,,
0001075531,Consumer Discretionary,2018,0.0008807538006756757,0.11877847995835572
0001075531,Consumer Discretionary,2019,0.000941951294225762,0.10923669714884962
0001075531,Consumer Discretionary,2020,0.002479734884608049,0.12292345603662024
0001075531,Consumer Discretionary,2021,0.004866830817425676,0.15057066136627828
0001075531,Consumer Discretionary,2022,0.007587572435055055,0.19788151358195596
0001075531,Consumer Discretionary,2023,0.014706689706689709,0.22918635418635416
0001075531,Consumer Discretionary,2024,0.0173584086339261,0.2730854613655844
0001075531,Consumer Discretionary,2025,,
0001086222,Information Technology,2015,0.01642127509686509,0.2136739914640982
0001086222,Information Technology,2016,0.005564197678592796,0.2100649329648971
0001086222,Information Technology,2017,0.005557694485335749,0.24499419509443288
0001086222,Information Technology,2018,0.00941378921236741,0.23764669738863287
0001086222,Information Technology,2019,0.010869565217391304,0.24625373650776777
0001086222,Information Technology,2020,0.012779211205307778,0.2503782442622789
0001086222,Information Technology,2021,0.013672465620544819,0.30656649392506724
0001086222,Information Technology,2022,0.017181120479219932,0.35542987179540164
0001086222,Information Technology,2023,0.018055271182306067,0.38900682021466904
0001086222,Information Technology,2024,0.020561091307018397,0.36651038023330235
0001086222,Information Technology,2025,,
0001090012,Energy,2015,0.43529411764705883,0.14054621848739496
0001090012,Energy,2016,0.4005743000717875,0.1024168461354391
0001090012,Energy,2017,0.39082984073763616,0.08317267393126572
0001090012,Energy,2018,0.4169568722289399,0.0935509875050383
0001090012,Energy,2019,0.4216734456711214,0.12891729614565176
0001090012,Energy,2020,0.4004785478547855,0.09257425742574257
0001090012,Energy,2021,0.2990680013807387,0.09630652399033483
0001090012,Energy,2022,0.4242262948207171,0.12678884462151396
0001090012,Energy,2023,0.5237599060757264,0.16326680363956558
0001090012,Energy,2024,0.5312532963219986,0.1667175572519084
0001090012,Energy,2025,,
0001090727,Industrials,2015,0.10460833742298832,0.09815772771650776
0001090727,Industrials,2016,0.10538191162676235,0.09958538264277995
0001090727,Industrials,2017,0.11653149493118224,0.09357740666390196
0001090727,Industrials,2018,0.17273318010191405,0.15049283961293475
0001090727,Industrials,2019,0.1770530473705921,0.14713423449663482
0001090727,Industrials,2020,0.16190431802443564,0.16552936823676148
0001090727,Industrials,2021,0.12572783240621394,0.16521185949603778
0001090727,Industrials,2022,0.18517321317656887,0.19307422889637657
0001090727,Industrials,2023,0.187080162573504,0.2031341879972328
0001090727,Industrials,2024,0.20146515484984243,0.25069015406271994
0001090727,Industrials,2025,,
0001090872,Health Care,2015,0.21170170121178172,0.18018849095200187
0001090872,Health Care,2016,0.13366695601314932,0.18180885043728526
0001090872,Health Care,2017,0.0977683350003484,0.2039905305300829
0001090872,Health Care,2018,0.1070657375929137,0.19952650573606445
0001090872,Health Care,2019,0.13000284839747614,0.19432265829331868
0001090872,Health Care,2020,0.1121425901372956,0.205618031453421
0001090872,Health Care,2021,0.10900620663940601,0.20185497002098982
0001090872,Health Care,2022,0.14930785228098528,0.24640556850884493
0001090872,Health Care,2023,0.16429054305029345,0.2666165218037293
0001090872,Health Care,2024,0.16209032512962568,0.26640258763051355
0001091667,Communication Services,2015,0.0011554762435868836,0.06021459759267957
0001091667,Communication Services,2016,0.0009039482125153089,0.11039626625672048
0001091667,Communication Services,2017,0.00285664396717304,0.10553462244631816
0001091667,Communication Services,2018,0.0040331157843848196,0.1206322400104126
0001091667,Communication Services,2019,0.0063472101480845705,0.13732945465313215
0001091667,Communication Services,2020,0.004099073913432753,0.1383410277501169
0001091667,Communication Services,2021,0.0034964245738219263,0.13293819899737985
0001091667,Communication Services,2022,0.004581675959714819,0.14388937097421284
0001091667,Communication Services,2023,0.004807830935945065,0.1425719828738206
0001091667,Communication Services,2024,0.007757812931457112,0.14771983313572115
0001091667,Communication Services,2025,,
0001093557,Health Care,2015,0.01593718340263777,0.1736411647741382
0001093557,Health Care,2016,0.017790545359736384,0.1508272118852722
0001093557,Health Care,2017,0.018022818527224545,0.17416934839449943
0001093557,Health Care,2018,0.017345726854371184,0.17084743115252018
0001093557,Health Care,2019,0.015082089740541028,0.1865911834355559
0001093557,Health Care,2020,0.014707761719460491,0.19638154586497153
0001093557,Health Care,2021,0.015912513151576536,0.19900328829973943
0001093557,Health Care,2022,0.02340737699445569,0.24028651901676454
0001093557,Health Care,2023,0.027665947372615147,0.25459399261554366
0001093557,Health Care,2024,0.02896311918225479,0.2736984534413179
0001093557,Health Care,2025,,
0001094285,Information Technology,2015,0.10122788272370595,0.2512789589328242
0001094285,Information Technology,2016,0.09802730376982445,0.2495243043932713
0001094285,Information Technology,2017,0.0966335382744409,0.23512429289175793
0001094285,Information Technology,2018,0.10627288169891853,0.2415815861243164
0001094285,Information Technology,2019,0.13411897896924635,0.22604760789367428
0001094285,Information Technology,2020,0.13449296582250006,0.2095660429263307
0001094285,Information Technology,2021,0.1271187178472772,0.17368782359414392
0001094285,Information Technology,2022,0.2397476341756231,0.2200550514474463
0001094285,Information Technology,2023,0.2831780266688532,0.2224036944184261
0001094285,Information Technology,2024,0.2877083321121636,0.2055550716826886
0001094285,Information Technology,2025,,
0001095073,Financials,2024,0.03385349707702637,0.3174873574060854
0001095073,Financials,2025,,
0001097149,Health Care,2015,0.005279728199320498,0.2608905737149839
0001097149,Health Care,2016,0.00583804143126177,0.23634619615332406
0001097149,Health Care,2017,0.0038809156683667417,0.24095409551421693
0001097149,Health Care,2018,0.003987810707456979,0.24521972451105645
0001097149,Health Care,2019,0.004058066644671726,0.24162903689176285
0001097149,Health Care,2020,0.01804837977851511,0.23262536323900737
0001097149,Health Care,2021,0.012276485218238153,0.20688282677858258
0001097149,Health Care,2022,0.03634513788110547,0.26569854783437863
0001097149,Health Care,2023,0.057795463090612856,0.3708798094999373
0001097149,Health Care,2024,0.06791811978771796,0.35727065959059895
0001097149,Health Care,2025,,
0001097864,Information Technology,2016,0.09332778923325663,0.22708380613613563
0001097864,Information Technology,2017,0.12743724958885655,0.1989961728443415
0001097864,Information Technology,2018,0.13608161902605947,0.20298416658286644
0001097864,Information Technology,2019,0.1520796291087459,0.19738162011832386
0001097864,Information Technology,2020,0.09420353268305565,0.1946333084509853
0001097864,Information Technology,2021,0.07529691003827232,0.20010635904455454
0001097864,Information Technology,2022,0.14466536185632023,0.2367869593824058
0001097864,Information Technology,2023,0.1637038854943846,0.23590386003075045
0001097864,Information Technology,2024,0.15917336431973134,0.2580757831728879
0001097864,Information Technology,2025,,
0001099219,Financials,2015,0.013880463130030945,0.173271371844982
0001099219,Financials,2016,0.013365130481933623,0.165980818840192
0001099219,Financials,2017,0.012920322920322918,0.16674911858865213
0001099219,Financials,2018,0.014198578365119886,0.18183951215869673
0001099219,Financials,2019,0.022407312020016508,0.17810840790646412
0001099219,Financials,2020,0.022944913461205533,0.17303083874679384
0001099219,Financials,2021,0.02789465827096777,0.17646271194017646
0001099219,Financials,2022,0.04468046994727096,0.25378328766920594
0001099219,Financials,2023,0.05695193917436268,0.2573569911567641
0001099219,Financials,2024,0.07785387894387952,0.2777991614696644
0001099219,Financials,2025,,
0001099800,Health Care,2015,0.027915112110903837,0.18403057336545212
0001099800,Health Care,2016,0.029808269808269807,0.1975448401254853
0001099800,Health Care,2017,0.03122731316896588,0.20543293412704097
0001099800,Health Care,2018,0.03173748263280693,0.19694111009062248
0001099800,Health Care,2019,0.03575464553576836,0.2047184118959069
0001099800,Health Care,2020,0.029556285803349555,0.19219229803323193
0001099800,Health Care,2021,0.02805705174918063,0.18714808378810446
0001099800,Health Care,2022,0.06793585799439679,0.25487980082138617
0001099800,Health Care,2023,0.07100283517477704,0.27529985096963483
0001099800,Health Care,2024,0.06722789397974091,0.2722471183206824
0001099800,Health Care,2025,,
0001100682,Health Care,2015,0.0180400614464163,0.18685125857352686
0001100682,Health Care,2016,0.016447118665088727,0.19406937275889058
0001100682,Health Care,2017,0.02314824710221037,0.19511646313574293
0001100682,Health Care,2018,0.027179773781679056,0.2181038785482184
0001100682,Health Care,2019,0.030387706924054514,0.21116824013125896
0001100682,Health Care,2020,0.03486712864250177,0.20899004975124377
0001100682,Health Care,2021,0.029382605623913385,0.19691508883729011
0001100682,Health Care,2022,0.03800949991757614,0.24563727109531572
0001100682,Health Care,2023,0.03961497276968467,0.25099477375111867
0001100682,Health Care,2024,0.04564503851501029,0.29714839821598465
0001100682,Health Care,2025,,
0001101239,Real Estate,2015,0.0443480800757556,0.1855374173028987
0001101239,Real Estate,2016,0.04299186859419179,0.14854263176980945
0001101239,Real Estate,2017,0.04644137783643669,0.15685782605106255
0001101239,Real Estate,2018,0.05474980098943376,0.1408268441146138
0001101239,Real Estate,2019,0.07180579018704748,0.15199516263545373
0001101239,Real Estate,2020,0.10215618283126775,0.1450147311780532
0001101239,Real Estate,2021,0.33041916802132504,0.1280763929011742
0001101239,Real Estate,2022,0.4744034738533643,0.1405124688987504
0001101239,Real Estate,2023,0.48847051233117567,0.17630439428064537
0001101239,Real Estate,2024,0.5052045758073577,0.17937164538738823
0001101239,Real Estate,2025,,
0001103982,Consumer Staples,2015,0.06575235665484735,0.3263252940413388
0001103982,Consumer Staples,2016,0.05700844266923749,0.24376759329151412
0001103982,Consumer Staples,2017,0.07980463223658131,0.24944843128376779
0001103982,Consumer Staples,2018,0.09426278444402662,0.2248295053686145
0001103982,Consumer Staples,2019,0.11068314361925183,0.29552684025541154
0001103982,Consumer Staples,2020,0.1585624503924084,0.28570822723461986
0001103982,Consumer Staples,2021,0.10835875105566327,0.22486384888053942
0001103982,Consumer Staples,2022,0.2924203806931528,0.24468954600856746
0001103982,Consumer Staples,2023,0.1732040723229993,0.3581581674147052
0001103982,Consumer Staples,2024,0.19630031510308218,0.3780294704852841
0001103982,Consumer Staples,2025,,
0001108524,Information Technology,2015,0.0,0.1734951650366327
0001108524,Information Technology,2016,0.006444906444906445,0.1487565845186663
0001108524,Information Technology,2017,0.016578840697203077,0.16409800050515375
0001108524,Information Technology,2018,0.04773741105792646,0.15346416303649354
0001108524,Information Technology,2019,0.040581437853632406,0.14081853747749953
0001108524,Information Technology,2020,0.04607050970504062,0.14816542621067394
0001108524,Information Technology,2021,0.02065180211155005,0.14717964136871206
0001108524,Information Technology,2022,0.03289509603632819,0.16890876470503874
0001108524,Information Technology,2023,0.03210712998694919,0.18161087636305245
0001108524,Information Technology,2024,0.030551718943321142,0.17689739091608073
0001108524,Information Technology,2025,,
0001109357,Utilities,2015,0.27576749221203717,0.1213656470703253
0001109357,Utilities,2016,0.3082564370490227,0.12039873983080884
0001109357,Utilities,2017,0.328062525208961,0.10643633606875302
0001109357,Utilities,2018,0.30245679038077633,0.09532374126951607
0001109357,Utilities,2019,0.3149976342734302,0.11290132666895399
0001109357,Utilities,2020,0.3604234059796133,0.11192436937214958
0001109357,Utilities,2021,0.31156787841154066,0.12144720270335374
0001109357,Utilities,2022,0.47527985619428886,0.17338188258237705
0001109357,Utilities,2023,0.6671967360022523,0.17625817632356047
0001109357,Utilities,2024,0.6768775225424567,0.16150718215513662
0001109357,Utilities,2025,,
0001111711,Utilities,2015,0.11054878048780487,0.18648792051377844
0001111711,Utilities,2016,0.17742372014111435,0.2018514528855735
0001111711,Utilities,2017,0.14396280602402234,0.16155466111546976
0001111711,Utilities,2018,0.1482797798544145,0.15569031602434524
0001111711,Utilities,2019,0.18992804360662313,0.11120481599963172
0001111711,Utilities,2020,0.15289084850224524,0.11689950410278235
0001111711,Utilities,2021,0.14310159207986492,0.13301869609471262
0001111711,Utilities,2022,0.22174858584527704,0.32394232057597916
0001111711,Utilities,2023,0.4720469911178851,0.254258836857565
0001111711,Utilities,2024,0.5143957537634471,0.2516572804238954
0001111711,Utilities,2025,,
0001113169,Financials,2015,0.0,0.20447100606123036
0001113169,Financials,2016,0.0,0.1961466440521408
0001113169,Financials,2017,0.0,0.19593589215795432
0001113169,Financials,2018,0.0,0.1805084930543952
0001113169,Financials,2019,0.006387418584002115,0.23655614586078125
0001113169,Financials,2020,0.00870901874022152,0.22939268449020944
0001113169,Financials,2021,0.009598350522697254,0.21523316766536532
0001113169,Financials,2022,0.013513145882928132,0.27779986167944126
0001113169,Financials,2023,0.03332954477024517,0.26947516412105266
0001113169,Financials,2024,0.04170381033174997,0.31554643569055213
0001113169,Financials,2025,,
0001116132,Consumer Discretionary,2018,0.014704142011834318,0.1785435690480392
0001116132,Consumer Discretionary,2019,0.01679235470029905,0.18633975024299435
0001116132,Consumer Discretionary,2020,0.024668528661143337,0.17052792623289442
0001116132,Consumer Discretionary,2021,0.03970104915463424,0.21439434159322984
0001116132,Consumer Discretionary,2022,0.07372516299270858,0.26671779553967745
0001116132,Consumer Discretionary,2023,0.09015915874536774,0.2839022225922348
0001116132,Consumer Discretionary,2024,0.1083751747605663,0.2602204607679649
0001116132,Consumer Discretionary,2025,,
0001120193,Financials,2015,0.0031002493765586035,0.4323816410700094
0001120193,Financials,2016,0.00416219119226638,0.4451685411006508
0001120193,Financials,2017,0.00318784099766173,0.4331324426505574
0001120193,Financials,2018,0.004631240853607977,0.41049303045947344
0001120193,Financials,2019,0.005237035928565311,0.37625893486871753
0001120193,Financials,2020,0.021855959766664032,0.34516922273465583
0001120193,Financials,2021,0.017996918335901387,0.29903900737977457
0001120193,Financials,2022,0.05996864196197061,0.36441362359550566
0001120193,Financials,2023,0.07816992101374105,0.4061878786739196
0001120193,Financials,2024,0.06356567017343746,0.44630194831867637
0001120193,Financials,2025,,
0001121788,Consumer Discretionary,2015,0.09487645731093723,0.1505853871456988
0001121788,Consumer Discretionary,2016,0.08830327688887252,0.15539171534134805
0001121788,Consumer Discretionary,2017,0.0784578477750951,0.15915850483163918
0001121788,Consumer Discretionary,2018,0.08099704706459906,0.1515485908666507
0001121788,Consumer Discretionary,2019,0.0844670384121301,0.1444905406951104
0001121788,Consumer Discretionary,2020,0.09403241892045104,0.14905018238697812
0001121788,Consumer Discretionary,2021,0.105808659150613,0.13338049270402222
0001121788,Consumer Discretionary,2022,0.15817743365422365,0.16663658048554542
0001121788,Consumer Discretionary,2023,0.18448534802087652,0.17133599258313895
0001121788,Consumer Discretionary,2024,0.1856318299423231,0.1832331833626884
0001121788,Consumer Discretionary,2025,,
0001123360,Financials,2015,0.0,0.2963228771086792
0001123360,Financials,2016,0.0,0.30265937809923693
0001123360,Financials,2018,0.0,0.30292679095619546
0001123360,Financials,2019,0.0,0.26861967209930604
0001123360,Financials,2020,0.0,0.2203763056334479
0001123360,Financials,2021,0.0,0.2108493780794897
0001123360,Financials,2022,0.012369286850724841,0.28550247109690147
0001123360,Financials,2023,0.02023048065531941,0.3387086628324946
0001123360,Financials,2024,0.02625976073792215,0.4138831228439022
0001123360,Financials,2025,,
0001126328,Financials,2015,0.028833289867221758,0.1535693778782943
0001126328,Financials,2016,0.02844764724145601,0.13548339857981764
0001126328,Financials,2017,0.030117706705758186,0.14212409795282666
0001126328,Financials,2018,0.030185647545032737,0.14924208096467032
0001126328,Financials,2019,0.03450992944709621,0.15559445107265996
0001126328,Financials,2020,0.035555576332876156,0.16030800699909956
0001126328,Financials,2021,0.028887114946723698,0.155180967893223
0001126328,Financials,2022,0.04062258032441564,0.2054568973991881
0001126328,Financials,2023,0.044662396013738975,0.189930744125664
0001126328,Financials,2024,0.04862357378800146,0.1817095158325266
0001126328,Financials,2025,,
0001130310,Utilities,2015,0.18290221950244467,0.15906823576709525
0001130310,Utilities,2016,0.14665305806717477,0.1824635302668687
0001130310,Utilities,2017,0.16728849427251297,0.23699363006103497
0001130310,Utilities,2018,0.16112156057756355,0.22877091132043015
0001130310,Utilities,2019,0.15896032307448849,0.2209971852621086
0001130310,Utilities,2020,0.1601716222645386,0.18018277499049323
0001130310,Utilities,2021,0.16773834715824457,0.16852652974873839
0001130310,Utilities,2022,0.3303688927294383,0.18936140193458723
0001130310,Utilities,2023,0.354718120558606,0.20108741980608066
0001130310,Utilities,2024,0.42863060323794394,0.20419318069801787
0001130310,Utilities,2025,,
0001133421,Industrials,2015,0.09029482180841582,0.22310334993048214
0001133421,Industrials,2016,0.08615285908458131,0.20956608606707314
0001133421,Industrials,2017,0.09085312617918441,0.24064428696046708
0001133421,Industrials,2018,0.08737324746003503,0.23427637678628524
0001133421,Industrials,2019,0.07676651919975815,0.21159093146277563
0001133421,Industrials,2020,0.07536719085613477,0.19753211865717377
0001133421,Industrials,2021,0.07745228163060677,0.1905546208948689
0001133421,Industrials,2022,0.15648039518432344,0.21893477361059935
0001133421,Industrials,2023,0.16432084865490357,0.22164020009340304
0001133421,Industrials,2024,0.1569566597710832,0.2012281012469255
0001133421,Industrials,2025,,
0001136869,Health Care,2016,0.007238883425597556,0.44627184023118405
0001136869,Health Care,2017,0.009900659159260888,0.48611605946772085
0001136869,Health Care,2018,0.010056400974701176,0.46143848332842446
0001136869,Health Care,2019,0.008481458780263561,0.38269843742322757
0001136869,Health Care,2020,0.005012288564406535,0.36706504411361035
0001136869,Health Care,2021,0.00589375727025979,0.32004549946945055
0001136869,Health Care,2022,0.007269187288029141,0.4028245475879021
0001136869,Health Care,2023,0.010753553231429338,0.4400246971594855
0001136869,Health Care,2024,0.012068761114404266,0.37023288079050415
0001136869,Health Care,2025,,
0001136893,Financials,2015,0.00211687780956273,0.1645187929025698
0001136893,Financials,2016,0.001429098285082058,0.30637880142303714
0001136893,Financials,2017,0.0015391852479066702,0.31965667879331877
0001136893,Financials,2018,0.0015466258806080828,0.3682540229627748
0001136893,Financials,2019,0.0015590670948115598,0.37051208382626327
0001136893,Financials,2020,0.002110292774971088,0.3660811961791936
0001136893,Financials,2021,0.004803596449206424,0.34591285818866346
0001136893,Financials,2022,0.0075599848032982956,0.4384579845735807
0001136893,Financials,2023,0.0077612850543881924,0.48393597533241484
0001136893,Financials,2024,0.01841415877452849,0.5389555051211403
0001136893,Financials,2025,,
0001137774,Financials,2015,0.017525605353308823,0.13578749071063823
0001137774,Financials,2016,0.013083539789994634,0.12132192124914465
0001137774,Financials,2017,0.013420367736282562,0.13111836653291628
0001137774,Financials,2018,0.01995301591607683,0.11031221342680567
0001137774,Financials,2019,0.025678445707622448,0.125563763258174
0001137774,Financials,2020,0.022009294064532354,0.11508612337585379
0001137774,Financials,2021,0.020767434473304126,0.11059280828073555
0001137774,Financials,2022,0.031192257326477006,0.1349810209738984
0001137774,Financials,2023,0.036590736482585984,0.14691107918160667
0001137774,Financials,2024,0.03593399614658026,0.17000837110952224
0001137774,Financials,2025,,
0001137789,Information Technology,2015,0.04949994374769791,0.12457214511383055
0001137789,Information Technology,2016,0.0501952694633123,0.10764573028632085
0001137789,Information Technology,2017,0.056656265169907995,0.21393871353995236
0001137789,Information Technology,2018,0.060613159131439866,0.17486932731809704
0001137789,Information Technology,2019,0.07032893259170674,0.13578648842069407
0001137789,Information Technology,2020,0.06420114368976962,0.1549341157134409
0001137789,Information Technology,2021,0.060980621449800654,0.1477202461954377
0001137789,Information Technology,2022,0.08190045205214047,0.178810370632295
0001137789,Information Technology,2023,0.08718698460665746,0.17886277982173085
0001137789,Information Technology,2024,0.08438434063326734,0.17947161279810384
0001137789,Information Technology,2025,,
0001138118,Real Estate,2018,0.11337621289103947,0.1741874005720468
0001138118,Real Estate,2019,0.1252601469858323,0.22943211268505298
0001138118,Real Estate,2020,0.11770012331348773,0.24495627828182084
0001138118,Real Estate,2021,0.08796844887255327,0.23487825824689834
0001138118,Real Estate,2022,0.13888074960792487,0.27829922114360206
0001138118,Real Estate,2023,0.14296700774988175,0.3088481441167292
0001138118,Real Estate,2024,0.1669509203757188,0.35209135388892865
0001138118,Real Estate,2025,,
0001140536,Financials,2022,0.016809642547054613,0.34357380862573733
0001140536,Financials,2023,0.014420523308238576,0.34859058239354096
0001140536,Financials,2024,0.023859519582118856,0.30848112460081323
0001140536,Financials,2025,,
0001140859,Health Care,2023,0.026761192144848598,0.27832038595057745
0001140859,Health Care,2024,0.014745150607423768,0.2785384774263861
0001141391,Financials,2015,0.0,0.31065227798729506
0001141391,Financials,2016,0.0,0.31661474864721434
0001141391,Financials,2017,0.0,0.3561313147732707
0001141391,Financials,2018,0.0,0.33737149007414097
0001141391,Financials,2019,0.0017692750287686995,0.32574281144379064
0001141391,Financials,2020,0.003250515657228577,0.2782360024834293
0001141391,Financials,2021,0.002751380215404109,0.2605277532687647
0001141391,Financials,2022,0.011794426936277485,0.3163013514795711
0001141391,Financials,2023,0.018834097666206685,0.318037850773349
0001141391,Financials,2024,0.023350210608603296,0.35014557750589553
0001141391,Financials,2025,,
0001145197,Health Care,2015,0.004535570959503831,0.23403458085072867
0001145197,Health Care,2016,0.003197854342892511,0.1988974587441203
0001145197,Health Care,2017,0.0032374670184696567,0.2051054860584486
0001145197,Health Care,2018,0.0032507468502402906,0.2087148347795348
0001145197,Health Care,2019,0.0036959134615384614,0.16937382297551787
0001145197,Health Care,2020,0.003599460132890366,0.23294784531512086
0001145197,Health Care,2021,0.003804121131225494,0.2397340985645675
0001145197,Health Care,2022,0.0048204914618908785,0.2904905447097829
0001145197,Health Care,2023,0.003513845075359271,0.2977052377427099
0001145197,Health Care,2024,0.0036998001090314376,0.34431358118426253
0001145197,Health Care,2025,,
0001156039,Health Care,2023,0.007027074388854816,0.2373474232395494
0001156039,Health Care,2024,0.008422968724143637,0.27020525586818595
0001156039,Health Care,2025,,
0001156375,Financials,2015,0.0,0.3204702088900717
0001156375,Financials,2016,0.0,0.30338867672701986
0001156375,Financials,2017,0.0,0.3050825170100854
0001156375,Financials,2018,0.004670398880335899,0.2886720428742864
0001156375,Financials,2019,0.0,0.2973957242673557
0001156375,Financials,2020,0.006173328012187819,0.2901796145227527
0001156375,Financials,2021,0.010036544718850996,0.23590835118514256
0001156375,Financials,2022,0.015414991280320306,0.2735514950659429
0001156375,Financials,2023,0.015828714748879313,0.2984569359555046
0001156375,Financials,2024,0.020431223319001424,0.2853797876689601
0001156375,Financials,2025,,
0001163165,Energy,2015,0.21734265734265734,0.05198135198135198
0001163165,Energy,2016,0.1622470341939986,0.1344033496161898
0001163165,Energy,2017,0.1528019925280199,0.1235678704856787
0001163165,Energy,2018,0.149686004784689,0.11357655502392346
0001163165,Energy,2019,0.30606918875177014,0.2440623103378515
0001163165,Energy,2020,0.2862332301341589,0.2694736842105263
0001163165,Energy,2021,0.24208818758295236,0.16457749594455096
0001163165,Energy,2022,0.3498409394975472,0.25625092909172
0001163165,Energy,2023,0.4344805608667941,0.2481676226896112
0001163165,Energy,2024,0.4497646870497839,0.2736353449655835
0001163165,Energy,2025,,
0001164727,Materials,2015,0.17236462943405056,0.1564219807092813
0001164727,Materials,2016,0.18703261623872308,0.15575517002081887
0001164727,Materials,2017,0.19403460879925313,0.19710220585062668
0001164727,Materials,2018,0.20018086656957013,0.18672551082936306
0001164727,Materials,2019,0.19900081404176476,0.21088802817075705
0001164727,Materials,2020,0.2006678795415822,0.19995908620582262
0001164727,Materials,2021,0.17376111215725704,0.20293788944620444
0001164727,Materials,2022,0.26826813656956283,0.3225864218628807
0001164727,Materials,2023,0.26771406991701663,0.3466586485126731
0001164727,Materials,2024,0.28082854658743944,0.340230772851758
0001164727,Materials,2025,,
0001166691,Communication Services,2018,0.009618793687396411,0.08208960972431156
0001166691,Communication Services,2019,0.00982820615261686,0.08926556740325849
0001166691,Communication Services,2020,0.0026110860069287548,0.09055827302782435
0001166691,Communication Services,2021,0.001042381017693046,0.08649354206339316
0001166691,Communication Services,2022,0.0012866862326574174,0.11816700877769619
0001166691,Communication Services,2023,0.001331518129897729,0.1194923779486077
0001166691,Communication Services,2024,0.007622001583390956,0.12417315288629809
0001166691,Communication Services,2025,,
0001170010,Consumer Discretionary,2015,0.014468761176306737,0.11686089480332368
0001170010,Consumer Discretionary,2016,0.014474251221415725,0.11264264322937866
0001170010,Consumer Discretionary,2017,0.014400362362239284,0.10071405007052614
0001170010,Consumer Discretionary,2018,0.014567465886815827,0.09567721701943732
0001170010,Consumer Discretionary,2019,0.015454230375837963,0.10983969719277902
0001170010,Consumer Discretionary,2020,0.012592552686398318,0.09363861571954057
0001170010,Consumer Discretionary,2021,0.010035158715968924,0.10467156958169027
0001170010,Consumer Discretionary,2022,0.022570661673004443,0.13775252534919014
0001170010,Consumer Discretionary,2023,0.03029733297073135,0.1605882489344528
0001170010,Consumer Discretionary,2024,0.07913959061088864,0.14314737582005624
0001170010,Consumer Discretionary,2025,,
0001174922,Consumer Discretionary,2015,0.02923552184406245,0.5155073493713104
0001174922,Consumer Discretionary,2016,0.03034236842153084,0.4045416219182662
0001174922,Consumer Discretionary,2017,0.030860227269065045,0.428363897187497
0001174922,Consumer Discretionary,2018,0.028856101807325174,0.4620659301038523
0001174922,Consumer Discretionary,2019,0.03221186743850703,0.3360071771341982
0001174922,Consumer Discretionary,2020,0.05196958223275604,0.2748643454844463
0001174922,Consumer Discretionary,2021,0.037531541093117446,0.23530634798952552
0001174922,Consumer Discretionary,2022,0.04914460827840034,0.2657941636861607
0001174922,Consumer Discretionary,2023,0.0575452032309095,0.27832523592608194
0001174922,Consumer Discretionary,2024,0.061066572383073364,0.3056098773992518
0001174922,Consumer Discretionary,2025,,
0001175454,Financials,2025,,
0001179929,Health Care,2015,0.008928645291298496,0.2134343469256534
0001179929,Health Care,2016,0.007886882480065553,0.20850799290500469
0001179929,Health Care,2017,0.0,0.15365853658536585
0001179929,Health Care,2018,0.0,0.0
0001179929,Health Care,2019,0.0,0.0
0001179929,Health Care,2020,0.0,0.0
0001179929,Health Care,2021,0.014633676711273707,0.13967459324155196
0001179929,Health Care,2022,0.018220459053556248,0.17117219231132522
0001179929,Health Care,2023,0.0,0.0
0001179929,Health Care,2024,0.010689695344380065,0.1818150349886901
0001179929,Health Care,2025,,
0001260221,Industrials,2015,0.17413136451627426,0.1918341254477751
0001260221,Industrials,2016,0.07859845000594327,0.15394779775710654
0001260221,Industrials,2017,0.08169644918821534,0.16597114240410082
0001260221,Industrials,2018,0.08801545768157223,0.19913441803323928
0001260221,Industrials,2019,0.09458062400102253,0.20396027368547234
0001260221,Industrials,2020,0.06729637391193609,0.18607639317514776
0001260221,Industrials,2021,0.09756003867060202,0.177934591738204
0001260221,Industrials,2022,0.14109409422589922,0.2359638477259861
0001260221,Industrials,2023,0.1775207503102396,0.24578968761181946
0001260221,Industrials,2024,0.1717208188583,0.2470252280887803
0001262039,Information Technology,2015,0.011119308712061743,0.22252245995013786
0001262039,Information Technology,2016,0.009064327485380117,0.20816806250308603
0001262039,Information Technology,2017,0.009380244983059682,0.2185589736920437
0001262039,Information Technology,2018,0.00968462803521331,0.21153730439109383
0001262039,Information Technology,2019,0.010858345782968898,0.21524776698857584
0001262039,Information Technology,2020,0.009659451350192885,0.20157355528878337
0001262039,Information Technology,2021,0.01142066386774077,0.24678685889116855
0001262039,Information Technology,2022,0.0774307670204431,0.34881854862336226
0001262039,Information Technology,2023,0.08430410447630347,0.3500435100283814
0001262039,Information Technology,2024,0.1310189010902149,0.43308828700283536
0001262039,Information Technology,2025,,
0001267238,Financials,2015,0.03293736684150565,0.17667901218605245
0001267238,Financials,2016,0.04593461396358242,0.16394723471644101
0001267238,Financials,2017,0.05076761450793681,0.27549247531034415
0001267238,Financials,2018,0.038876645736516495,0.292167619814948
0001267238,Financials,2019,0.03923797733576261,0.29976462593098496
0001267238,Financials,2020,0.0408847705407423,0.2854896025717024
0001267238,Financials,2021,0.036168714780532955,0.26412828071230837
0001267238,Financials,2022,0.052368916490020345,0.34185110009932484
0001267238,Financials,2023,0.07366965635384737,0.35692727510221844
0001267238,Financials,2024,0.06679374194213712,0.3799964905196372
0001267238,Financials,2025,,
0001274494,Information Technology,2015,0.6383974375149419,0.13777348200779438
0001274494,Information Technology,2016,0.5907783048499989,0.1467018056915966
0001274494,Information Technology,2017,0.6253193321839163,0.14452156945917286
0001274494,Information Technology,2018,0.6588843752630049,0.15856937758639228
0001274494,Information Technology,2019,0.7423603768650451,0.14095491205914573
0001274494,Information Technology,2020,0.6858621663132535,0.12775280200623765
0001274494,Information Technology,2021,0.577612535935002,0.12152844402327999
0001274494,Information Technology,2022,0.7576017024414812,0.1749486309087765
0001274494,Information Technology,2023,0.8086519244543007,0.18020285350780813
0001274494,Information Technology,2024,0.876026222930841,0.20061301338903625
0001274494,Information Technology,2025,,
0001280452,Information Technology,2015,0.00886856408874513,0.19911483924849033
0001280452,Information Technology,2016,0.009057526808479318,0.1986451468376488
0001280452,Information Technology,2017,0.008520710877457672,0.22148745570980502
0001280452,Information Technology,2018,0.009826232918093545,0.21350406152466517
0001280452,Information Technology,2019,0.011023208598410812,0.21912338522383554
0001280452,Information Technology,2020,0.009931672145472747,0.23631550342147717
0001280452,Information Technology,2021,0.023202604981415523,0.2410844633898541
0001280452,Information Technology,2022,0.028925467377886725,0.2902874823446074
0001280452,Information Technology,2023,0.07304037305182834,0.28895224642404677
0001280452,Information Technology,2024,0.09722525561022627,0.33300250332547054
0001280452,Information Technology,2025,,
0001281761,Financials,2015,0.02039171488487787,0.22468349728811005
0001281761,Financials,2016,0.018581630790820508,0.19933014345127523
0001281761,Financials,2017,0.017897944830819724,0.20025725890839502
0001281761,Financials,2018,0.0203757225433526,0.18566102151695
0001281761,Financials,2019,0.02129993073193258,0.17711252108859663
0001281761,Financials,2020,0.029698696461824957,0.1824174269522929
0001281761,Financials,2021,0.027970840116073325,0.1635354455377595
0001281761,Financials,2022,0.03707894213561344,0.21810247738259342
0001281761,Financials,2023,0.03858169675703209,0.28754307667868007
0001281761,Financials,2024,0.04288554717856416,0.3022425558462662
0001281761,Financials,2025,,
0001283699,Communication Services,2015,0.013835481516617542,0.33459694287358094
0001283699,Communication Services,2016,0.01473097681066971,0.3346550125738503
0001283699,Communication Services,2017,0.013742554429383831,0.27492706126665406
0001283699,Communication Services,2018,0.014134257655865465,0.24356261376306215
0001283699,Communication Services,2019,0.016634745453605524,0.2217580732248096
0001283699,Communication Services,2020,0.011057220730046096,0.23278271373648357
0001283699,Communication Services,2021,0.007889288469799872,0.23482931924535244
0001283699,Communication Services,2022,0.12380642348470534,0.3207242089940037
0001283699,Communication Services,2023,0.11385323355393137,0.34978184346517255
0001283699,Communication Services,2024,0.12194269714101164,0.3674091596703945
0001283699,Communication Services,2025,,
0001285785,Materials,2015,0.10160754254010546,0.11228201415572152
0001285785,Materials,2016,0.11678022222978791,0.09304512299522143
0001285785,Materials,2017,0.11067712642438167,0.09580099412291208
0001285785,Materials,2018,0.11377499776336056,0.09450615864547131
0001285785,Materials,2019,0.12295680704182237,0.09105426620126919
0001285785,Materials,2020,0.12259888211116524,0.07994475390501335
0001285785,Materials,2021,0.11125002689091339,0.05455097645542896
0001285785,Materials,2022,0.14091903396319344,0.10711056179715775
0001285785,Materials,2023,0.15320309056149994,0.12674873701589254
0001285785,Materials,2024,0.15561990351562646,0.11498519509565423
0001285785,Materials,2025,,
0001286681,Consumer Discretionary,2015,0.015293929009229157,0.0927472911028932
0001286681,Consumer Discretionary,2016,0.015141595872106605,0.0850569394873623
0001286681,Consumer Discretionary,2017,0.018476593057724595,0.10020555465540966
0001286681,Consumer Discretionary,2018,0.01816067113026791,0.0920055311577785
0001286681,Consumer Discretionary,2019,0.023863899241742703,0.08971664352294467
0001286681,Consumer Discretionary,2020,0.034920132133592734,0.09175653140633684
0001286681,Consumer Discretionary,2021,0.035463995794371296,0.08305391526581204
0001286681,Consumer Discretionary,2022,0.06611410521014667,0.10696019134496915
0001286681,Consumer Discretionary,2023,0.07410569817733915,0.11836869560812405
0001286681,Consumer Discretionary,2024,0.08037051789165274,0.11506360472290383
0001286681,Consumer Discretionary,2025,,
0001289490,Real Estate,2015,0.058588226108323475,0.2900682274861926
0001289490,Real Estate,2016,0.058000081625136764,0.274406576383482
0001289490,Real Estate,2017,0.06100544704398019,0.30174216594341957
0001289490,Real Estate,2018,0.0429037329807216,0.2809367008341501
0001289490,Real Estate,2019,0.047647630825439505,0.25374690262055694
0001289490,Real Estate,2020,0.042479825765859805,0.23624372483721853
0001289490,Real Estate,2021,0.033025813715326494,0.2459343580109951
0001289490,Real Estate,2022,0.0375423701711099,0.3030086024606791
0001289490,Real Estate,2023,0.062154180564242476,0.3018548392494241
0001289490,Real Estate,2024,0.06431785242389003,0.29179090090319787
0001289490,Real Estate,2025,,
0001297996,Real Estate,2015,0.18513022130875267,0.2512783616950284
0001297996,Real Estate,2016,0.1587390624946589,0.2133293183535225
0001297996,Real Estate,2017,0.2261767158812055,0.2122533547253485
0001297996,Real Estate,2018,0.2485510984741254,0.18516429791274536
0001297996,Real Estate,2019,0.1830533107423187,0.14491364091343448
0001297996,Real Estate,2020,0.25633115918722477,0.15651571125933084
0001297996,Real Estate,2021,0.21593354942355616,0.13365236720684165
0001297996,Real Estate,2022,0.4305522845945595,0.1634360211751435
0001297996,Real Estate,2023,0.47986441681028175,0.17009161917920748
0001297996,Real Estate,2024,0.45825079135317853,0.1901111555616721
0001297996,Real Estate,2025,,
0001300514,Consumer Discretionary,2015,0.005055196448993041,0.18013762865616095
0001300514,Consumer Discretionary,2016,0.01621188261962336,0.16680927519118738
0001300514,Consumer Discretionary,2017,0.017545613164329562,0.17972025010427514
0001300514,Consumer Discretionary,2018,0.01736709560985948,0.16775475001718398
0001300514,Consumer Discretionary,2019,0.019681911541280503,0.1606470730745128
0001300514,Consumer Discretionary,2020,0.026441785740259148,0.15490900933181886
0001300514,Consumer Discretionary,2021,0.036776512349868756,0.14078934514790123
0001300514,Consumer Discretionary,2022,0.0522403958732075,0.18230645937015355
0001300514,Consumer Discretionary,2023,0.05119506972392985,0.20301788481606295
0001300514,Consumer Discretionary,2024,0.06034556147441746,0.20660278031776672
0001300514,Consumer Discretionary,2025,,
0001316835,Industrials,2015,0.03907578379550823,0.1008368142119091
0001316835,Industrials,2016,0.030105358006544975,0.08619791421072982
0001316835,Industrials,2018,0.03366680065480452,0.1112566561849128
0001316835,Industrials,2019,0.03628702235050072,0.10666810526039694
0001316835,Industrials,2020,0.04405231720557736,0.10758734523452211
0001316835,Industrials,2021,0.039434041825447484,0.10511767078811425
0001316835,Industrials,2022,0.05231962109142578,0.11458435029877304
0001316835,Industrials,2023,0.07186508382360954,0.1302408907365038
0001316835,Industrials,2024,0.07330062460539448,0.1457795825824599
0001316835,Industrials,2025,,
0001318605,Consumer Discretionary,2015,0.4268634848109989,0.09466160375478577
0001318605,Consumer Discretionary,2016,0.35063855239848957,0.09226385629101914
0001318605,Consumer Discretionary,2017,0.5822791692890879,0.075553113723213
0001318605,Consumer Discretionary,2018,0.6560478396856388,0.0824607201659944
0001318605,Consumer Discretionary,2020,0.5905397676384931,0.11397021889581309
0001318605,Consumer Discretionary,2021,0.44825879202231866,0.11395403701491559
0001318605,Consumer Discretionary,2022,0.5137713453027143,0.1691044134368994
0001318605,Consumer Discretionary,2023,0.5513732171077883,0.19791173222286862
0001318605,Consumer Discretionary,2024,0.5302932034682429,0.1763282297036978
0001318605,Consumer Discretionary,2025,,
0001321655,Information Technology,2021,0.002902078709338679,0.23771761785652207
0001321655,Information Technology,2022,0.0036789281712637373,0.3129393814574483
0001321655,Information Technology,2023,0.009197880588113862,0.3156531804618526
0001321655,Information Technology,2024,0.00902202330837063,0.3670699502622222
0001321655,Information Technology,2025,,
0001324404,Materials,2015,0.3003950148348501,0.07237401207929303
0001324404,Materials,2016,0.2854024236139432,0.10698844009948356
0001324404,Materials,2017,0.3516902527058023,0.09883259121178187
0001324404,Materials,2018,0.3900616392620236,0.09711786625218764
0001324404,Materials,2019,0.437893930050981,0.0885789770802755
0001324404,Materials,2020,0.4683787288933846,0.09303705454818087
0001324404,Materials,2021,0.44045714133655234,0.08782870565524016
0001324404,Materials,2022,0.5101410540947503,0.116650910448051
0001324404,Materials,2023,0.47271794889877233,0.11386826513504643
0001324404,Materials,2024,0.4962898893917105,0.10967474200756853
0001324404,Materials,2025,,
0001326160,Utilities,2015,0.0,0.46591698862532643
0001326160,Utilities,2016,0.0,0.2946386796299873
0001326160,Utilities,2017,0.02110967741935484,0.38251612903225807
0001326160,Utilities,2018,0.1045739379667951,0.2674513581656439
0001326160,Utilities,2019,0.3254573512767651,0.08561397242339563
0001326160,Utilities,2020,0.2951759883676827,0.09042879470135945
0001326160,Utilities,2021,0.24041147250586165,0.08922387821732128
0001326160,Utilities,2022,0.34954003924285404,0.11324841503413832
0001326160,Utilities,2023,0.2958424298957407,0.1123829970787919
0001326160,Utilities,2024,0.30716229137541207,0.11749546937296121
0001326160,Utilities,2025,,
0001326801,Communication Services,2023,0.00305442358228282,0.36155606016238045
0001326801,Communication Services,2024,0.0028880456753785596,0.39446390906721507
0001326801,Communication Services,2025,,
0001327567,Information Technology,2015,0.037253867905848226,0.2551512612897322
0001327567,Information Technology,2016,0.044103456115300886,0.22275804431776366
0001327567,Information Technology,2017,0.04425148030564489,0.2289566659839332
0001327567,Information Technology,2018,0.046865400496451395,0.21498482797895857
0001327567,Information Technology,2019,0.05229385334021485,0.2078106246269659
0001327567,Information Technology,2020,0.018380564794412625,0.23879009202261123
0001327567,Information Technology,2021,0.04151952481703495,0.27292383480861
0001327567,Information Technology,2022,0.05664706380380896,0.32219850712335363
0001327567,Information Technology,2023,0.06365857197581987,0.347876463340007
0001327567,Information Technology,2024,0.05447002809921332,0.35854797049033915
0001327567,Information Technology,2025,,
0001327811,Information Technology,2015,0.0011700926135080189,0.25699910315928953
0001327811,Information Technology,2016,0.001152245019327981,0.2621106491845219
0001327811,Information Technology,2017,0.0024544295251669045,0.23968872549027104
0001327811,Information Technology,2018,0.008494799621790675,0.23321807510381087
0001327811,Information Technology,2019,0.009699677991719786,0.21731656796275653
0001327811,Information Technology,2020,0.009168319449953723,0.22549921643019075
0001327811,Information Technology,2021,0.008228751414931837,0.24749603118613023
0001327811,Information Technology,2022,0.013627372486224273,0.2845346381634925
0001327811,Information Technology,2023,0.018655729676787466,0.3378372605932355
0001327811,Information Technology,2024,0.021507042253521125,0.36800709862913306
0001327811,Information Technology,2025,,
0001335258,Communication Services,2015,0.013675612848689771,0.20199360735418426
0001335258,Communication Services,2016,0.013857563979796842,0.20209644288501288
0001335258,Communication Services,2017,0.013607634658749417,0.2357627240577647
0001335258,Communication Services,2018,0.013874585342437292,0.22667522513081398
0001335258,Communication Services,2019,0.015246285588291648,0.22306321362926265
0001335258,Communication Services,2020,0.015228052810590106,0.2214643317074217
0001335258,Communication Services,2021,0.010783345971081687,0.14625980563101665
0001335258,Communication Services,2022,0.015429187490855324,0.18642873827877332
0001335258,Communication Services,2023,0.016468107880819798,0.19537191404805357
0001335258,Communication Services,2024,0.016988936583030984,0.2045531173465487
0001335258,Communication Services,2025,,
0001336920,Industrials,2015,0.020103492884864165,0.057697283311772325
0001336920,Industrials,2017,0.019926918392204628,0.20397051835651459
0001336920,Industrials,2018,0.020322777101096222,0.051400730816077954
0001336920,Industrials,2019,0.022228915662650603,0.05012048192771085
0001336920,Industrials,2020,0.02096130592503023,0.04933494558645707
0001336920,Industrials,2021,0.022451994091580503,0.05494830132939439
0001336920,Industrials,2022,0.02197038724373576,0.0755125284738041
0001336920,Industrials,2023,0.03065749235474006,0.17010703363914373
0001336920,Industrials,2024,0.030524737631184407,0.03463268365817092
0001336920,Industrials,2025,,
0001341439,Information Technology,2015,0.011599178951296883,0.1619753981328597
0001341439,Information Technology,2016,0.0186349764172755,0.14522879097385416
0001341439,Information Technology,2017,0.022118071203244705,0.15532371483415747
0001341439,Information Technology,2018,0.02165608095500928,0.16445271183667903
0001341439,Information Technology,2019,0.023546844753648696,0.17150266330806874
0001341439,Information Technology,2020,0.023771183935440723,0.14894637868636926
0001341439,Information Technology,2021,0.03122164511448035,0.12893011087045098
0001341439,Information Technology,2022,0.04261797886308792,0.16365875265606958
0001341439,Information Technology,2023,0.04146966265216086,0.19715385795546927
0001341439,Information Technology,2024,0.042873111643731435,0.23486792165935838
0001341439,Information Technology,2025,,
0001352010,Information Technology,2015,0.00124859392575928,0.21046053261293993
0001352010,Information Technology,2016,0.0014522627190105876,0.21439619050501094
0001352010,Information Technology,2017,0.00161692033998814,0.22220970122646236
0001352010,Information Technology,2018,0.0016519801980198019,0.27763058949314506
0001352010,Information Technology,2019,0.014732591843672755,0.28214703644157363
0001352010,Information Technology,2020,0.022528220453565638,0.2915881919418947
0001352010,Information Technology,2021,0.015335341986566508,0.23691427071283958
0001352010,Information Technology,2022,0.028668308842303227,0.2982147524173767
0001352010,Information Technology,2023,0.039140333608058166,0.28122315812533116
0001352010,Information Technology,2024,0.03770734166456163,0.30712807881239346
0001352010,Information Technology,2025,,
0001373715,Information Technology,2015,0.0010958324518722234,0.29547975278015
0001373715,Information Technology,2016,0.005249813858992114,0.2530234380145619
0001373715,Information Technology,2017,0.0033583085292004516,0.3171535776074961
0001373715,Information Technology,2018,0.0031594395000946788,0.3137899535262561
0001373715,Information Technology,2019,0.008718594943687484,0.3335986128456791
0001373715,Information Technology,2020,0.007977450529222274,0.2624031744415893
0001373715,Information Technology,2021,0.009770992366412212,0.2069358837421239
0001373715,Information Technology,2022,0.04472241485839116,0.2648629077320928
0001373715,Information Technology,2023,0.04876058454147749,0.30265585580186016
0001373715,Information Technology,2024,0.046835308525452715,0.2607796479458191
0001373715,Information Technology,2025,,
0001374310,Financials,2015,0.0,0.48901178849301236
0001374310,Financials,2016,0.003171935700563525,0.4383325008713479
0001374310,Financials,2017,0.002631071083949823,0.3732593777437778
0001374310,Financials,2018,0.00228092959671907,0.3384390564291305
0001374310,Financials,2019,0.0026883287192190006,0.3348235828827896
0001374310,Financials,2020,0.003986584898428517,0.34974574145828463
0001374310,Financials,2021,0.006908857851993668,0.3256354169063895
0001374310,Financials,2022,0.006039447721277545,0.40794036546353607
0001374310,Financials,2023,0.01240986449738576,0.4083037553402831
0001374310,Financials,2024,0.01108286000791612,0.46057486850311374
0001374310,Financials,2025,,
0001375365,Information Technology,2015,0.03758574197477367,0.19819073746589058
0001375365,Information Technology,2016,0.03313522948232972,0.207743051124787
0001375365,Information Technology,2020,0.031707018412611004,0.27065911822379657
0001375365,Information Technology,2021,0.04277647761788578,0.24626337541308832
0001375365,Information Technology,2022,0.058147522445420055,0.3259447076052017
0001375365,Information Technology,2023,0.06540683050455282,0.3142140860101373
0001375365,Information Technology,2025,,
0001381197,Financials,2015,0.0,0.27541507138261323
0001381197,Financials,2016,0.0,0.2720669999471279
0001381197,Financials,2017,0.0,0.2923302970623546
0001381197,Financials,2018,0.0012124845578082987,0.29709606830486196
0001381197,Financials,2019,0.0,0.3472041370045302
0001381197,Financials,2020,0.0,0.3374493726708541
0001381197,Financials,2021,0.004204702627939142,0.32986525004002354
0001381197,Financials,2022,0.022791796776099247,0.37238894495428204
0001381197,Financials,2023,0.028516118836915298,0.3905548147731906
0001381197,Financials,2024,0.036517202021849014,0.38001219599240743
0001381197,Financials,2025,,
0001383312,Industrials,2015,0.00631578947368421,0.206789192988455
0001383312,Industrials,2016,0.006084396467124632,0.19245819862601357
0001383312,Industrials,2017,0.006213444739840486,0.188701491814401
0001383312,Industrials,2018,0.0056848381601362855,0.22357012822746075
0001383312,Industrials,2019,0.005995125913891145,0.2433613970457063
0001383312,Industrials,2020,0.004947909233623519,0.23727156087911155
0001383312,Industrials,2021,0.005757580038827852,0.22351124396879554
0001383312,Industrials,2022,0.011587492213969475,0.3082182022796641
0001383312,Industrials,2023,0.015163231657884444,0.3191612031996221
0001383312,Industrials,2024,0.009965663821947496,0.3157011791894639
0001383312,Industrials,2025,,
0001385157,Information Technology,2015,0.0893577250199211,0.2709917293867741
0001385157,Information Technology,2016,0.1087509349617186,0.2449923399230881
0001385157,Information Technology,2017,0.11810613522762513,0.2569865028585444
0001385157,Information Technology,2018,0.1293097155897045,0.25458576884864687
0001385157,Information Technology,2019,0.18079691324257915,0.2931361885048078
0001385157,Information Technology,2020,0.14148284397424618,0.2695811683229719
0001385157,Information Technology,2021,0.19061312743592146,0.27615586945727383
0001385157,Information Technology,2022,0.2543445567891149,0.3350205032743635
0001385157,Information Technology,2023,0.3059886380226531,0.32710932217924316
0001385157,Information Technology,2024,0.3250308424512869,0.3020347489734652
0001389170,Energy,2015,0.10100253131245418,0.18983400396686548
0001389170,Energy,2016,0.011371139314797152,0.1999070745604382
0001389170,Energy,2017,0.14863698312333104,0.16781814249163668
0001389170,Energy,2018,0.15872930681116013,0.1458896885915734
0001389170,Energy,2019,0.11221323838375406,0.15535405255023657
0001389170,Energy,2020,0.09774751435181826,0.181877822911056
0001389170,Energy,2021,0.09975052404442901,0.14300656058840946
0001389170,Energy,2022,0.13832292992076903,0.1741177313720625
0001389170,Energy,2023,0.15822586706517092,0.1892428107092391
0001389170,Energy,2024,0.1619708138561388,0.23883931656895596
0001389170,Energy,2025,,
0001390777,Financials,2015,0.0,0.012300055157198016
0001390777,Financials,2016,0.0,0.011758241758241757
0001390777,Financials,2017,0.01969897652016857,0.013275135460565924
0001390777,Financials,2018,0.019457725947521865,0.0246064139941691
0001390777,Financials,2019,0.02208258527827648,0.012447636146020347
0001390777,Financials,2020,0.02229581993569132,0.013118971061093247
0001390777,Financials,2021,0.018514007308160777,0.011327649208282583
0001390777,Financials,2022,0.03632768361581921,0.02080979284369115
0001390777,Financials,2023,0.021116377040547654,0.1991837809373354
0001390777,Financials,2024,0.022940845070422537,0.22123943661971832
0001390777,Financials,2025,,
0001393311,Real Estate,2015,0.06348043880093225,0.17802671611118126
0001393311,Real Estate,2016,0.0664018474168757,0.18627110878078043
0001393311,Real Estate,2017,0.06536915259412795,0.19554013673300724
0001393311,Real Estate,2018,0.06315373982105157,0.18324000536175064
0001393311,Real Estate,2019,0.061382385730211805,0.17138892161868483
0001393311,Real Estate,2020,0.0641023259985581,0.13716741865346185
0001393311,Real Estate,2021,0.09007751815211663,0.14644107649919902
0001393311,Real Estate,2022,0.2170658280101459,0.23275750112611956
0001393311,Real Estate,2023,0.2416445411482135,0.2885952977604315
0001393311,Real Estate,2024,0.2035633975774742,0.22716820171446703
0001393311,Real Estate,2025,,
0001393818,Financials,2015,0.007978483395795268,0.3511147067067957
0001393818,Financials,2016,0.005374560977251625,0.36160785876269913
0001393818,Financials,2017,0.005366259304566552,0.36099690184652683
0001393818,Financials,2018,0.007822204248196973,0.3285248594325052
0001393818,Financials,2019,0.011158925206747421,0.3134995724532409
0001393818,Financials,2020,0.01142003741496936,0.3641436631959203
0001393818,Financials,2021,0.016661399093342456,0.34105161281219637
0001393818,Financials,2022,0.05159021683872806,0.446212482669602
0001393818,Financials,2023,0.05104405728253059,0.4555449298532062
0001393818,Financials,2024,0.052785042117388985,0.4744748946215316
0001393818,Financials,2025,,
0001396009,Materials,2016,0.13430198651290515,0.2112093520232118
0001396009,Materials,2017,0.1622649886196308,0.21071095316963664
0001396009,Materials,2018,0.1542353891931434,0.19500244016395404
0001396009,Materials,2019,0.1798197421357776,0.19408131548684426
0001396009,Materials,2020,0.1570725801255127,0.2101561818832801
0001396009,Materials,2021,0.12556198765251628,0.16743705256243796
0001396009,Materials,2022,0.3239345287464867,0.20400597578043878
0001396009,Materials,2023,0.33225483670209194,0.21639382630470982
0001396009,Materials,2024,0.3523408485098626,0.19987901769591912
0001396009,Materials,2025,,
0001397187,Consumer Discretionary,2015,0.00591324200913242,0.26062050005985665
0001397187,Consumer Discretionary,2016,0.0057258958256372365,0.2599933329984426
0001397187,Consumer Discretionary,2017,0.006043590690801625,0.31580669098498665
0001397187,Consumer Discretionary,2018,0.0055561105561105556,0.2708321981049254
0001397187,Consumer Discretionary,2019,0.006303382302699009,0.260638153749752
0001397187,Consumer Discretionary,2020,0.00568733595800525,0.24403679738052544
0001397187,Consumer Discretionary,2021,0.03148089867928774,0.23906959005671094
0001397187,Consumer Discretionary,2022,0.04764405689256783,0.28854788672238696
0001397187,Consumer Discretionary,2023,0.06143946140672061,0.31043565818224766
0001397187,Consumer Discretionary,2024,0.05529612415632705,0.3091509454029529
0001397187,Consumer Discretionary,2025,,
0001402057,Information Technology,2015,0.005954991551707998,0.20087799315849486
0001402057,Information Technology,2016,0.005697005954272822,0.19251053744882404
0001402057,Information Technology,2017,0.006149785979610795,0.16496228304795213
0001402057,Information Technology,2018,0.0065414933112129614,0.15778695915009383
0001402057,Information Technology,2019,0.007256905208332647,0.15444332197629568
0001402057,Information Technology,2020,0.006687681929617414,0.1422911293879036
0001402057,Information Technology,2021,0.005262402396711377,0.13732702570295538
0001402057,Information Technology,2022,0.021978784711874425,0.16747890011550304
0001402057,Information Technology,2023,0.02480468525345309,0.18914763046051922
0001402057,Information Technology,2024,0.02360680020137948,0.2585489576685758
0001402057,Information Technology,2025,,
0001403161,Financials,2015,0.002601054481546573,0.3784381842791425
0001403161,Financials,2016,0.0,0.3014883843447596
0001403161,Financials,2017,0.0,0.3099177191280299
0001403161,Financials,2018,0.0,0.2884041021088392
0001403161,Financials,2019,0.002374517374517374,0.25912288300708086
0001403161,Financials,2020,0.013088976846726346,0.23664464421175269
0001403161,Financials,2021,0.016030055791851485,0.23377535366541322
0001403161,Financials,2022,0.020046503734190504,0.271241841814401
0001403161,Financials,2023,0.015830551669674987,0.28195027326529615
0001403161,Financials,2024,0.020989877471093415,0.28016311668448174
0001403568,Consumer Discretionary,2015,0.0026523297491039427,0.19955227728252325
0001403568,Consumer Discretionary,2016,0.002601980862850428,0.1611612485883191
0001403568,Consumer Discretionary,2017,0.0028701754385964907,0.1651292082748391
0001403568,Consumer Discretionary,2018,0.0071161070947681985,0.15114335234020523
0001403568,Consumer Discretionary,2019,0.014638609747327924,0.12863114747883045
0001403568,Consumer Discretionary,2020,0.026938366458673674,0.12211515812140648
0001403568,Consumer Discretionary,2021,0.02229491139124636,0.10728335841920755
0001403568,Consumer Discretionary,2022,0.061989436528244575,0.15863686267650712
0001403568,Consumer Discretionary,2023,0.06531523234749194,0.16723836310499307
0001403568,Consumer Discretionary,2024,0.06883198678047628,0.1381936487050758
0001403568,Consumer Discretionary,2025,,
0001404912,Financials,2015,0.008843395479391686,0.16191831119932543
0001404912,Financials,2016,0.009350396210887763,0.17136357068512006
0001404912,Financials,2017,0.009389332186621526,0.19103274591482067
0001404912,Financials,2018,0.010198303786548202,0.18395070591489684
0001404912,Financials,2019,0.012246279974486051,0.19064737881265417
0001404912,Financials,2020,0.014069352832496305,0.18731645997657287
0001404912,Financials,2021,0.009705408671987041,0.1465475426312809
0001404912,Financials,2022,0.016685643714700188,0.17830014126767316
0001404912,Financials,2023,0.02244480017508865,0.20149208984825423
0001404912,Financials,2024,0.021088200418609655,0.20865012052117196
0001404912,Financials,2025,,
0001408198,Financials,2015,0.01072463768115942,0.18819156510449386
0001408198,Financials,2016,0.010088331008833102,0.2157643133257842
0001408198,Financials,2017,0.014666069027341999,0.21244201895219036
0001408198,Financials,2018,0.014150323332979962,0.1623994373595584
0001408198,Financials,2019,0.02164222873900293,0.1496479104412716
0001408198,Financials,2020,0.0278339755940912,0.1784843334681203
0001408198,Financials,2021,0.02772396206277772,0.13346471118564332
0001408198,Financials,2022,0.06096637896502422,0.1984737360356184
0001408198,Financials,2023,0.06389777611879363,0.2174913049141573
0001408198,Financials,2024,0.03987910885884785,0.23324239794908067
0001408198,Financials,2025,,
0001410636,Utilities,2015,0.3183393852842483,0.1719873065550579
0001410636,Utilities,2016,0.32026214026554173,0.22995372194367086
0001410636,Utilities,2017,0.3412217360695087,0.2557373611929495
0001410636,Utilities,2018,0.33126557554624503,0.2660364477701939
0001410636,Utilities,2019,0.3486174119801275,0.2632459209967208
0001410636,Utilities,2020,0.2977285194633972,0.2558948300240667
0001410636,Utilities,2021,0.24545502383751278,0.20680897911988175
0001410636,Utilities,2022,0.31041481462866566,0.23508645114962834
0001410636,Utilities,2023,0.33850807282930584,0.28003464140594153
0001410636,Utilities,2024,0.34360507764911746,0.30843702243357285
0001410636,Utilities,2025,,
0001413329,Consumer Staples,2015,0.07598938428874734,0.2860243045593364
0001413329,Consumer Staples,2016,0.0707171670751634,0.2607250816993464
0001413329,Consumer Staples,2017,0.08975244307113281,0.29143782072802266
0001413329,Consumer Staples,2018,0.08707961076863514,0.25882515858125615
0001413329,Consumer Staples,2019,0.1161130865318907,0.24068757560004858
0001413329,Consumer Staples,2020,0.11052632107443608,0.22001679248174952
0001413329,Consumer Staples,2021,0.08062118885720553,0.22960921716442895
0001413329,Consumer Staples,2022,0.08931244336039179,0.25378934042573703
0001413329,Consumer Staples,2023,0.13426640785508193,0.19624145294327575
0001413329,Consumer Staples,2024,0.1422042237710762,0.20113783595848722
0001413329,Consumer Staples,2025,,
0001413447,Information Technology,2020,0.08463356685856728,0.42365456941064744
0001413447,Information Technology,2021,0.07842947147924093,0.35448072883148735
0001413447,Information Technology,2022,0.13943152427883554,0.1846411811960872
0001413447,Information Technology,2023,0.17331715541207066,0.19102555824589723
0001413447,Information Technology,2024,0.16021869064569064,0.17479103778453853
0001413447,Information Technology,2025,,
0001418135,Consumer Staples,2019,0.08905243965956314,0.1761662056070161
0001418135,Consumer Staples,2020,0.10410226144282721,0.1841919116081697
0001418135,Consumer Staples,2021,0.11064097159818943,0.13170174538800958
0001418135,Consumer Staples,2022,0.14107679906774306,0.1624932556062737
0001418135,Consumer Staples,2023,0.1122282476755608,0.14221534063548474
0001418135,Consumer Staples,2024,0.1389875862462372,0.17653519539154708
0001418135,Consumer Staples,2025,,
0001437107,Communication Services,2023,0.008373005930009187,0.2592661982579535
0001437107,Communication Services,2024,0.018953960731211916,0.26009667443168133
0001437107,Communication Services,2025,,
0001442145,Industrials,2015,0.023148448522906873,0.26086526122465786
0001442145,Industrials,2016,0.019982383965199274,0.22374427938724487
0001442145,Industrials,2017,0.01585435897228132,0.21941072124006072
0001442145,Industrials,2018,0.015613115323509825,0.21636024513407634
0001442145,Industrials,2019,0.0241150419626243,0.19306277000763467
0001442145,Industrials,2020,0.022399875484259785,0.1910031251459767
0001442145,Industrials,2021,0.01948414962855828,0.18180396423640785
0001442145,Industrials,2022,0.04050744203620314,0.2772591767576724
0001442145,Industrials,2023,0.037834598168326246,0.284683195053761
0001442145,Industrials,2024,0.07395242048582269,0.284783064719406
0001442145,Industrials,2025,,
0001466258,Industrials,2015,0.1472308310701826,0.2717816450314608
0001466258,Industrials,2016,0.10879468169179868,0.14184179196988822
0001466258,Industrials,2017,0.12347033332427748,0.1475527649353493
0001466258,Industrials,2018,0.12334063243851631,0.14249663353192582
0001466258,Industrials,2019,0.16004311924640385,0.17997629542187485
0001466258,Industrials,2020,0.12756715029974336,0.13253477910575434
0001466258,Industrials,2021,0.06934389609193284,0.1509628537871635
0001466258,Industrials,2022,0.14527326739655505,0.17966648155004322
0001466258,Industrials,2023,0.16538558363632963,0.20034135961042326
0001466258,Industrials,2024,0.191215369702864,0.21501159950242296
0001466258,Industrials,2025,,
0001467373,Information Technology,2015,0.0012755478946072393,0.18139114979154009
0001467373,Information Technology,2016,0.001298266186447776,0.19503904678338008
0001467373,Information Technology,2017,0.0027030152829409337,0.20617757544473025
0001467373,Information Technology,2018,0.002716541843047867,0.1823746516285378
0001467373,Information Technology,2019,0.0029844710449692655,0.1808821199972153
0001467373,Information Technology,2020,0.0068554645394714574,0.2964741465474389
0001467373,Information Technology,2021,0.05880445353914571,0.2455800589723346
0001467373,Information Technology,2022,0.16618292887120184,0.26118835758758846
0001467373,Information Technology,2023,0.16463737273942225,0.2513115706882809
0001467373,Information Technology,2024,0.3855445309642476,0.23688347137974422
0001467858,Consumer Discretionary,2015,0.2542851589587061,0.2417741506506825
0001467858,Consumer Discretionary,2016,0.2681945320661103,0.23649910756885187
0001467858,Consumer Discretionary,2017,0.2980839494667765,0.2530012230656605
0001467858,Consumer Discretionary,2018,0.33624044650206897,0.19760535629711962
0001467858,Consumer Discretionary,2019,0.4538567709781564,0.1851077972653884
0001467858,Consumer Discretionary,2020,0.44908348676999993,0.17900787077541946
0001467858,Consumer Discretionary,2021,0.37329290197318266,0.16273950157733075
0001467858,Consumer Discretionary,2022,0.4242345981642802,0.18377143091859804
0001467858,Consumer Discretionary,2023,0.41452364559838123,0.1675932597547602
0001467858,Consumer Discretionary,2024,0.43181468984638066,0.19574761718389416
0001467858,Consumer Discretionary,2025,,
0001474735,Industrials,2015,0.04894213536935654,0.13958861014761637
0001474735,Industrials,2016,0.04670701211925769,0.14530699106686887
0001474735,Industrials,2017,0.051276485350183,0.14743118467117775
0001474735,Industrials,2018,0.052783638842394245,0.14454923632035757
0001474735,Industrials,2019,0.059499198050542906,0.1314594391878713
0001474735,Industrials,2020,0.1492988814432229,0.11421983813288161
0001474735,Industrials,2021,0.14942033158351944,0.08457294339647281
0001474735,Industrials,2022,0.2764736454363814,0.15145473244422078
0001474735,Industrials,2023,0.3013348107455095,0.14699883758291157
0001474735,Industrials,2024,0.2934128394524434,0.17809141491072183
0001474735,Industrials,2025,,
0001478242,Health Care,2018,0.010018056547390953,0.2918236219325538
0001478242,Health Care,2019,0.009957685463881457,0.2564919705102963
0001478242,Health Care,2020,0.004182908632834717,0.303575792997184
0001478242,Health Care,2021,0.01894015078147723,0.22432033113948477
0001478242,Health Care,2022,0.04184726302138311,0.2966067014506741
0001478242,Health Care,2023,0.04282074488324063,0.315606893787365
0001478242,Health Care,2024,0.049610903582068426,0.31046865392496775
0001478242,Health Care,2025,,
0001489393,Materials,2016,0.2585291887793783,0.2401213040181956
0001489393,Materials,2017,0.2905392315143687,0.16375524701323863
0001489393,Materials,2018,0.28240498538236647,0.1558393599015233
0001489393,Materials,2019,0.32838920201720556,0.154256897063186
0001489393,Materials,2020,0.3324014609648456,0.16143661543144117
0001489393,Materials,2021,0.24687762531503782,0.13021562587510502
0001489393,Materials,2022,0.3831435381355932,0.16387711864406782
0001489393,Materials,2023,0.4425253432567689,0.17130758372898755
0001489393,Materials,2024,0.46733762138983476,0.18062807415815363
0001489393,Materials,2025,,
0001501585,Industrials,2015,0.17264077389310437,0.19136421698671374
0001501585,Industrials,2016,0.17917116856408546,0.1847818325769457
0001501585,Industrials,2017,0.20610042303037737,0.20723199729114086
0001501585,Industrials,2018,0.20778413435379448,0.19857741989073233
0001501585,Industrials,2019,0.20893927706135226,0.19954295949924794
0001501585,Industrials,2020,0.21326110179022284,0.19166308699922352
0001501585,Industrials,2021,0.1702542978844411,0.17908771645835997
0001501585,Industrials,2022,0.18362713960055801,0.20585950366948447
0001501585,Industrials,2023,0.18509688541323888,0.22837464487167702
0001501585,Industrials,2024,0.19228067334002674,0.2503901568232264
0001501585,Industrials,2025,,
0001506307,Energy,2015,0.233475935828877,0.1533231474407945
0001506307,Energy,2016,0.2478779677697134,0.14215770697502766
0001506307,Energy,2017,0.253492252681764,0.126150178784267
0001506307,Energy,2018,0.24588034752007035,0.15779170790718136
0001506307,Energy,2019,0.3025160196004523,0.14896343761779118
0001506307,Energy,2020,0.2907132089692859,0.11531938948558507
0001506307,Energy,2021,0.24726372557687207,0.09866501635575989
0001506307,Energy,2022,0.3319729563614014,0.1125471946615155
0001506307,Energy,2023,0.4260097078487041,0.15894312665995056
0001506307,Energy,2024,0.4539494740627529,0.16614222781623664
0001506307,Energy,2025,,
0001510295,Energy,2015,0.3104470682793924,0.2144740123567497
0001510295,Energy,2016,0.25236999309489555,0.1893058104053824
0001510295,Energy,2017,0.28778131088269904,0.21634009995724132
0001510295,Energy,2018,0.3009885170364981,0.24093234419221432
0001510295,Energy,2019,0.388374111113522,0.2608085359869405
0001510295,Energy,2020,0.34628987776819287,0.27864125960349895
0001510295,Energy,2021,0.3074733460693198,0.25211162419701616
0001510295,Energy,2022,0.4511044304205956,0.29441433650958443
0001510295,Energy,2023,0.48682547237392276,0.2973888143944848
0001510295,Energy,2024,0.5042056223350465,0.30170478179960597
0001510295,Energy,2025,,
0001512673,Financials,2025,,
0001513761,Consumer Discretionary,2015,0.07837628526065057,0.2926333814209475
0001513761,Consumer Discretionary,2016,0.07932651746598804,0.3096532105357087
0001513761,Consumer Discretionary,2017,0.08172149511275752,0.2612352681954336
0001513761,Consumer Discretionary,2018,0.08669618359375289,0.25429088703174507
0001513761,Consumer Discretionary,2019,0.10804522715064069,0.2586763666628381
0001513761,Consumer Discretionary,2020,0.11451815610464265,0.25832183759005084
0001513761,Consumer Discretionary,2021,0.0769485286649305,0.19902794613953764
0001513761,Consumer Discretionary,2022,0.17287404026408018,0.24043477479370873
0001513761,Consumer Discretionary,2023,0.25855753289386385,0.26055832448087557
0001513761,Consumer Discretionary,2024,0.2852248257340707,0.26862057727937844
0001513761,Consumer Discretionary,2025,,
0001521332,Consumer Discretionary,2018,0.14617948613228254,0.10934206916175003
0001521332,Consumer Discretionary,2019,0.18815322953599506,0.12923668475161706
0001521332,Consumer Discretionary,2020,0.17619170808206197,0.11992937426745186
0001521332,Consumer Discretionary,2021,0.1458384329523052,0.1162122179173028
0001521332,Consumer Discretionary,2022,0.2650404656484756,0.14049786997504218
0001521332,Consumer Discretionary,2023,0.23974801139984722,0.1407665152866731
0001521332,Consumer Discretionary,2024,0.26952572632660016,0.14438714325555452
0001521332,Consumer Discretionary,2025,,
0001524472,Industrials,2015,0.23800998367574452,0.2554954653265989
0001524472,Industrials,2016,0.22541272124165762,0.25919995574694055
0001524472,Industrials,2017,0.1972967531378257,0.270015541761089
0001524472,Industrials,2018,0.18914835756862583,0.2554164037396932
0001524472,Industrials,2019,0.19213433763775012,0.20511552876252434
0001524472,Industrials,2020,0.17668644097473005,0.18322123150057124
0001524472,Industrials,2021,0.1607952999654409,0.16516053551256213
0001524472,Industrials,2022,0.23451199262054967,0.21919156953513963
0001524472,Industrials,2023,0.2438813421358942,0.20739883655159375
0001524472,Industrials,2024,0.28548961900482894,0.2119068542129964
0001524472,Industrials,2025,,
0001534701,Energy,2015,0.22054901960784312,0.04164332399626518
0001534701,Energy,2016,0.2488596971355592,0.03904397007845283
0001534701,Energy,2017,0.2761429340994792,0.039594182079367934
0001534701,Energy,2018,0.2811238573221007,0.03782039792077434
0001534701,Energy,2019,0.2998939929328622,0.06614840989399294
0001534701,Energy,2020,0.32096024686876024,0.06665456525685241
0001534701,Energy,2021,0.32389649923896496,0.11838937318389374
0001534701,Energy,2022,0.4803075796411571,0.16724032710850728
0001534701,Energy,2023,0.5039497307001796,0.1497980251346499
0001534701,Energy,2024,0.5776770769544805,0.1320269442743417
0001534701,Energy,2025,,
0001535527,Information Technology,2020,0.012648347988945027,0.2401401873411794
0001535527,Information Technology,2021,0.009847138708454373,0.2594446975445277
0001535527,Information Technology,2022,0.015760814749897652,0.3328398259920567
0001535527,Information Technology,2023,0.01904952306940249,0.3381987357056609
0001535527,Information Technology,2024,0.019995485279193544,0.3567340350563044
0001535527,Information Technology,2025,,
0001539838,Energy,2015,0.29361120094360255,0.17801531202214155
0001539838,Energy,2016,0.296681739258328,0.15272871067511634
0001539838,Energy,2017,0.29065550654672473,0.14639234815249985
0001539838,Energy,2018,0.3020880310140964,0.14567147051582086
0001539838,Energy,2019,0.31109357859367437,0.14261930186188865
0001539838,Energy,2020,0.23395869730754362,0.15264011796750954
0001539838,Energy,2021,0.05619756363463999,0.19043465895624972
0001539838,Energy,2022,0.09728201725282017,0.1759787657597877
0001539838,Energy,2023,0.15676820329043817,0.22471086496172013
0001539838,Energy,2024,0.1813665898134563,0.2566128694194089
0001539838,Energy,2025,,
0001543151,Industrials,2020,0.006260904595210314,0.20425483719344967
0001543151,Industrials,2021,0.004282052004394737,0.1881131771213303
0001543151,Industrials,2022,0.017365178496075617,0.2223242467718795
0001543151,Industrials,2023,0.01870990318441619,0.2629599244955884
0001543151,Industrials,2024,0.043909447722360086,0.2825481102312684
0001543151,Industrials,2025,,
0001551152,Health Care,2015,0.02848261685664346,0.25035543562340484
0001551152,Health Care,2017,0.030987887346485908,0.277883591930353
0001551152,Health Care,2018,0.03220269890239869,0.26928596722229386
0001551152,Health Care,2019,0.04019817221026767,0.23541462351531006
0001551152,Health Care,2020,0.03552878478115745,0.2266730553444737
0001551152,Health Care,2021,0.026189881462474585,0.20308106618444294
0001551152,Health Care,2022,0.03825906007359114,0.24159780927520472
0001551152,Health Care,2023,0.04165764467738245,0.24428878609592217
0001551152,Health Care,2024,0.04198885069322676,0.22222402394567026
0001551152,Health Care,2025,,
0001551182,Industrials,2015,0.09104526873522618,0.1237944364203372
0001551182,Industrials,2016,0.11379396693233115,0.14207272295297954
0001551182,Industrials,2017,0.11891533331747224,0.15833157039524323
0001551182,Industrials,2018,0.12283007260123943,0.18475750701659496
0001551182,Industrials,2019,0.1369685550935551,0.1809009009009009
0001551182,Industrials,2020,0.10868044533851277,0.18277358490566037
0001551182,Industrials,2021,0.058222041163985196,0.18758340337651042
0001551182,Industrials,2022,0.23611673195978206,0.21579229768884817
0001551182,Industrials,2023,0.28513843992277693,0.20810232326571215
0001551182,Industrials,2024,0.26083905508089705,0.21868570880009455
0001551182,Industrials,2025,,
0001555280,Health Care,2015,0.06741989122001618,0.23344169460707856
0001555280,Health Care,2016,0.06572532854297061,0.2054992748394476
0001555280,Health Care,2017,0.07134211590859234,0.18429066670728572
0001555280,Health Care,2018,0.07148808309349106,0.18459776574097686
0001555280,Health Care,2019,0.08077238570660318,0.19665056803749173
0001555280,Health Care,2020,0.06944662891530767,0.18464045463076384
0001555280,Health Care,2021,0.058282550222475575,0.198473873523453
0001555280,Health Care,2022,0.07982779167311634,0.237636373526589
0001555280,Health Care,2023,0.08418247024248433,0.2090505067286925
0001555280,Health Care,2024,0.0994806530451554,0.22247020041975465
0001555280,Health Care,2025,,
0001559720,Consumer Discretionary,2021,0.006286966952061876,0.26806807814517586
0001559720,Consumer Discretionary,2022,0.03543823441599412,0.3074834101110164
0001559720,Consumer Discretionary,2023,0.06487670471421282,0.2765384977979985
0001559720,Consumer Discretionary,2024,0.09584757423553117,0.29708197517388385
0001559720,Consumer Discretionary,2025,,
0001561550,Information Technology,2020,0.0035294716481726563,0.26183024114965986
0001561550,Information Technology,2021,0.0020405423546784804,0.2363331607310665
0001561550,Information Technology,2022,0.002687877380399443,0.2645400648469042
0001561550,Information Technology,2023,0.006410409310083535,0.2808484773695739
0001561550,Information Technology,2024,0.011872714322103302,0.2903492609057085
0001561550,Information Technology,2025,,
0001564708,Communication Services,2015,0.0015803925556798534,0.27745009101726326
0001564708,Communication Services,2016,0.0034417675141556565,0.27280961319069236
0001564708,Communication Services,2017,0.0033255412135379608,0.3070281532676085
0001564708,Communication Services,2018,0.007368397809574279,0.25513415574653636
0001564708,Communication Services,2019,0.007320266624345342,0.2212760055313207
0001564708,Communication Services,2020,0.005849304899446619,0.20238761214495185
0001564708,Communication Services,2021,0.009584614171987072,0.2684395143304818
0001564708,Communication Services,2022,0.021800392989344736,0.33020257410781917
0001564708,Communication Services,2023,0.020416229996475785,0.3469675216561753
0001564708,Communication Services,2024,0.02277888842153983,0.35936206811579613
0001564708,Communication Services,2025,,
0001571949,Financials,2015,0.012387724788920963,0.2554287644749195
0001571949,Financials,2016,0.0195565714581728,0.18524334615930116
0001571949,Financials,2017,0.021869090771440426,0.22275253481571194
0001571949,Financials,2018,0.025202075490640092,0.23359025082018564
0001571949,Financials,2019,0.009005635231946236,0.2354773692233653
0001571949,Financials,2020,0.009912519533054413,0.28104819063487474
0001571949,Financials,2021,0.020345429105580883,0.26252519464518553
0001571949,Financials,2022,0.05757927600421441,0.30120135945174914
0001571949,Financials,2023,0.05136565763782668,0.31408487405092916
0001571949,Financials,2024,0.059942136238233745,0.3379871888958627
0001571949,Financials,2025,,
0001571996,Information Technology,2019,0.06858190919882014,0.4605935920875114
0001571996,Information Technology,2020,0.05559807910370492,0.3116337190204116
0001571996,Information Technology,2021,0.05928385881028139,0.28609860836560713
0001571996,Information Technology,2022,0.10996231034228818,0.3506664117378362
0001571996,Information Technology,2023,0.1319930890120125,0.38734717488491455
0001571996,Information Technology,2024,0.15665130841079733,0.4096953596979662
0001571996,Information Technology,2025,,
0001579241,Industrials,2015,0.09113062708145996,0.1958394965539664
0001579241,Industrials,2016,0.09645049356248543,0.19651884394198918
0001579241,Industrials,2017,0.10559841636303488,0.1964135027632035
0001579241,Industrials,2018,0.1140718497163377,0.1866325801356991
0001579241,Industrials,2019,0.1312810955024448,0.1814179900973414
0001579241,Industrials,2020,0.11487554330831772,0.18278986866791744
0001579241,Industrials,2021,0.08978103082574115,0.1861315586470196
0001579241,Industrials,2022,0.11202145702271979,0.22644997295779135
0001579241,Industrials,2023,0.1146914992207193,0.2390929375802056
0001579241,Industrials,2024,0.12871073279759296,0.24297476075949148
0001579241,Industrials,2025,,
0001585689,Consumer Discretionary,2015,0.05376987091851333,0.23578494102311384
0001585689,Consumer Discretionary,2016,0.051718551017328834,0.19306154671123646
0001585689,Consumer Discretionary,2017,0.05448195970049574,0.2155032483398581
0001585689,Consumer Discretionary,2018,0.0730501050223448,0.2116413903748998
0001585689,Consumer Discretionary,2019,0.11660002797640798,0.19318941875886278
0001585689,Consumer Discretionary,2020,0.17238459137456424,0.18976820215750714
0001585689,Consumer Discretionary,2021,0.12833058975221545,0.19426516307463104
0001585689,Consumer Discretionary,2022,0.16064738527054243,0.25536775534394035
0001585689,Consumer Discretionary,2023,0.1813758259264331,0.265619700598987
0001585689,Consumer Discretionary,2024,0.2102968797520459,0.2858768907766231
0001585689,Consumer Discretionary,2025,,
0001590955,Industrials,2015,0.005932052423972515,0.2799857611060454
0001590955,Industrials,2016,0.006076048608388867,0.28192723306187417
0001590955,Industrials,2017,0.006821403752605976,0.19017167578685645
0001590955,Industrials,2018,0.006932825484764542,0.2075602048957426
0001590955,Industrials,2019,0.0069040788324809775,0.21221102171614153
0001590955,Industrials,2020,0.006463460104399701,0.2186307104460762
0001590955,Industrials,2021,0.00511325409284593,0.19030911147694773
0001590955,Industrials,2022,0.006099926214820281,0.2192485947048072
0001590955,Industrials,2023,0.006415315699658703,0.23261379115076752
0001590955,Industrials,2024,0.007861343458544081,0.25840629509758595
0001590955,Industrials,2025,,
0001596532,Information Technology,2015,0.009250393299034822,0.29627331564377357
0001596532,Information Technology,2016,0.006869183352806092,0.277668042193984
0001596532,Information Technology,2017,0.006757030751323546,0.2791983700570894
0001596532,Information Technology,2018,0.006122731518548172,0.26373814279322455
0001596532,Information Technology,2019,0.007551346926625986,0.22191944210708583
0001596532,Information Technology,2020,0.007128144742252627,0.2067282292741904
0001596532,Information Technology,2021,0.00566788200198873,0.18762503175743547
0001596532,Information Technology,2022,0.007482254373375742,0.21695474066315346
0001596532,Information Technology,2023,0.007579767125359142,0.2759069917968843
0001596532,Information Technology,2024,0.008526558246667131,0.28500825501773336
0001596532,Information Technology,2025,,
0001601046,Information Technology,2015,0.07887657415691324,0.295175936625277
0001601046,Information Technology,2016,0.07912929115019707,0.2487625653479312
0001601046,Information Technology,2017,0.08013146631746922,0.25245059118389834
0001601046,Information Technology,2018,0.09538973608002865,0.2563074321350551
0001601046,Information Technology,2019,0.10114928922745087,0.29277975843221693
0001601046,Information Technology,2020,0.09213012251855063,0.34475474090545466
0001601046,Information Technology,2021,0.11828795345663716,0.3198020586799972
0001601046,Information Technology,2022,0.15738531977266057,0.3706065329201573
0001601046,Information Technology,2023,0.15794196229138763,0.38762894234083634
0001601046,Information Technology,2024,0.16265014300176664,0.38011784531905485
0001601712,Financials,2015,0.00890577373726645,0.37078959829365704
0001601712,Financials,2016,0.014650531758158246,0.3545682915300502
0001601712,Financials,2017,0.009941232601609121,0.3729345265892039
0001601712,Financials,2018,0.009218876026413076,0.3552224582499776
0001609711,Information Technology,2016,0.0005941201272566983,0.2139106638333342
0001609711,Information Technology,2017,0.0005831818343849142,0.22087850965888406
0001609711,Information Technology,2018,0.0023186851556108003,0.24675178277269486
0001609711,Information Technology,2019,0.0006337810449658204,0.22247200917863819
0001609711,Information Technology,2020,0.0005541348336157018,0.19682453995918003
0001609711,Information Technology,2021,0.0010364460809382564,0.19013918386130027
0001609711,Information Technology,2022,0.0012685781928186242,0.20508675836554136
0001609711,Information Technology,2023,0.0012511310099528876,0.23229925010650004
0001609711,Information Technology,2024,0.0042490012521614684,0.22689322999190595
0001609711,Information Technology,2025,,
0001613103,Health Care,2015,0.029500236575337867,0.2088437717845359
0001613103,Health Care,2016,0.030347282939657553,0.2098504461913196
0001613103,Health Care,2017,0.03232141747347893,0.2117080343251886
0001613103,Health Care,2018,0.0414157635457897,0.25844323716419165
0001613103,Health Care,2019,0.045897799832556166,0.24119059992735997
0001613103,Health Care,2020,0.039756402326771786,0.23486446636261876
0001613103,Health Care,2021,0.05170104364438259,0.21365795587212114
0001613103,Health Care,2022,0.06592153890508644,0.24298112148764223
0001613103,Health Care,2023,0.07821299399068499,0.26128984546517264
0001613103,Health Care,2024,0.07171197491026318,0.29256827766267046
0001613103,Health Care,2025,,
0001633917,Financials,2016,0.0,0.2792021232524639
0001633917,Financials,2017,0.0,0.347965203856196
0001633917,Financials,2018,0.0009010152284263959,0.335945083624032
0001633917,Financials,2019,0.0009377859103385178,0.34144782473919616
0001633917,Financials,2020,0.0008737399193548388,0.33042338709677416
0001633917,Financials,2021,0.00490172820280447,0.2528148882548478
0001633917,Financials,2022,0.03387317339192663,0.32182195735012137
0001633917,Financials,2023,0.03823769901899934,0.3143382328213233
0001633917,Financials,2024,0.031947999073198195,0.32112102968774364
0001633917,Financials,2025,,
0001637459,Consumer Staples,2016,0.07077240391921524,0.21487134871657126
0001637459,Consumer Staples,2017,0.08313616370252448,0.2653814870273216
0001637459,Consumer Staples,2018,0.09714231572403806,0.27736894738264617
0001637459,Consumer Staples,2019,0.10578713346370353,0.35697829932266273
0001637459,Consumer Staples,2020,0.10524606707829211,0.3694992638046773
0001637459,Consumer Staples,2021,0.08029823208277713,0.2854827235976917
0001637459,Consumer Staples,2022,0.12614578145404678,0.2905185647647064
0001637459,Consumer Staples,2023,0.15127102867915923,0.3099382253272512
0001637459,Consumer Staples,2024,0.140944506998103,0.30386534169010176
0001637459,Consumer Staples,2025,,
0001645590,Information Technology,2016,0.03959349375557011,0.15193481958614788
0001645590,Information Technology,2017,0.05359833014015763,0.16272883748033726
0001645590,Information Technology,2018,0.06530477127257545,0.15884232818707725
0001645590,Information Technology,2019,0.08073142638472143,0.16316476540606784
0001645590,Information Technology,2020,0.04938941208370933,0.1389307331160624
0001645590,Information Technology,2021,0.0598339662176751,0.13386760679146087
0001645590,Information Technology,2022,0.11340334132147728,0.1821760282966384
0001645590,Information Technology,2023,0.1225885258111232,0.20397084562083048
0001645590,Information Technology,2024,0.09904450775344835,0.26161674478071406
0001652044,Communication Services,2016,0.013047138047138047,0.2766667260245165
0001652044,Communication Services,2017,0.03577940101149854,0.28005057037741476
0001652044,Communication Services,2018,0.05000738528354518,0.26515438364005445
0001652044,Communication Services,2019,0.07048764749262537,0.23605375286791214
0001652044,Communication Services,2020,0.14948068444923673,0.2355759506189397
0001652044,Communication Services,2021,0.15211072922893007,0.22480710320014716
0001652044,Communication Services,2022,0.13427093818451377,0.2668948232403787
0001652044,Communication Services,2023,0.1441815383886165,0.26956887024308884
0001652044,Communication Services,2024,0.1670642137863429,0.27656341577441024
0001652044,Communication Services,2025,,
0001659166,Industrials,2017,0.052748503595478884,0.24222028627529854
0001659166,Industrials,2018,0.05702457279368249,0.24053233324369988
0001659166,Industrials,2019,0.06993790066687244,0.2702002933219789
0001659166,Industrials,2020,0.06815168892099181,0.2674681654447384
0001659166,Industrials,2021,0.03132996236830338,0.30013564360200995
0001659166,Industrials,2022,0.047420111535364386,0.37590877589526556
0001659166,Industrials,2023,0.09996205645426871,0.37978709733306987
0001659166,Industrials,2024,0.09270710851404179,0.4335579207520247
0001659166,Industrials,2025,,
0001666700,Materials,2020,0.06689444340036335,0.1026350220599422
0001666700,Materials,2021,0.06756854420804431,0.10990495744460706
0001666700,Materials,2022,0.17069921250153808,0.2643793664465499
0001666700,Materials,2023,0.15914786145368667,0.2823865624229702
0001666700,Materials,2024,0.16569065508001116,0.3128718007273882
0001666700,Materials,2025,,
0001671933,Communication Services,2017,0.00184535559190119,0.37809748176280394
0001671933,Communication Services,2018,0.003910241387391609,0.39672576885900945
0001671933,Communication Services,2019,0.003972012917115178,0.3565613202276196
0001671933,Communication Services,2020,0.0009456658120124379,0.33300424082441965
0001671933,Communication Services,2021,0.0007786486348035449,0.3071611708457765
0001671933,Communication Services,2022,0.0009706637145876313,0.3801813240308478
0001671933,Communication Services,2023,0.0009801525224872897,0.37194562818470833
0001671933,Communication Services,2024,0.0009839551517494684,0.38563664101083406
0001671933,Communication Services,2025,,
0001679273,Consumer Staples,2018,0.07571501766914797,0.16921469305849632
0001679273,Consumer Staples,2019,0.0931668846857113,0.24313971557847575
0001679273,Consumer Staples,2020,0.10130106151273369,0.17310560647412818
0001679273,Consumer Staples,2021,0.07643163050537902,0.19038620548206098
0001679273,Consumer Staples,2022,0.08713784221719771,0.18243914687983617
0001679273,Consumer Staples,2023,0.09752953913331677,0.17400042678698655
0001679273,Consumer Staples,2024,0.10250979149484923,0.20583106019694383
0001679273,Consumer Staples,2025,,
0001679788,Financials,2022,0.001930254665532596,0.44070261313514386
0001679788,Financials,2023,0.0035370129440560985,0.4127171421685527
0001679788,Financials,2024,0.004108059634570115,0.47856291245750304
0001679788,Financials,2025,,
0001682852,Health Care,2019,0.011007139322824627,0.12064107820268136
0001682852,Health Care,2020,0.010307396369746924,0.11078411307786276
0001682852,Health Care,2021,0.00818394595067259,0.09844338077351969
0001682852,Health Care,2022,0.012858797871455411,0.1394664880625958
0001682852,Health Care,2023,0.014633843376768872,0.15194361459061645
0001682852,Health Care,2024,0.022517689162530916,0.18446511555923026
0001682852,Health Care,2025,,
0001687229,Real Estate,2017,0.04350797336080757,0.320799378617932
0001687229,Real Estate,2018,0.040600218550111505,0.26360739021356827
0001687229,Real Estate,2019,0.05180189496431199,0.2451918250193595
0001687229,Real Estate,2020,0.06269637429288262,0.2521274974112601
0001687229,Real Estate,2021,0.06099162342009224,0.3096865111859462
0001687229,Real Estate,2022,0.09082929371061228,0.3650969733321204
0001687229,Real Estate,2023,0.09333876408951136,0.3806916654877488
0001687229,Real Estate,2024,0.10089578505176337,0.39413860206238993
0001687229,Real Estate,2025,,
0001692819,Utilities,2018,0.39782179240266086,0.20068400911454493
0001692819,Utilities,2019,0.4963981391219478,0.12011142292582969
0001692819,Utilities,2020,0.49291641832155314,0.10837336075248585
0001692819,Utilities,2021,0.4579445652845131,0.09929564725102338
0001692819,Utilities,2022,0.5548357129954978,0.1136396418583645
0001692819,Utilities,2023,0.5973042044690268,0.11542044644768908
0001692819,Utilities,2024,0.6091462195758062,0.12894704931704248
0001692819,Utilities,2025,,
0001699150,Industrials,2021,0.0967086169802344,0.08126623153166217
0001699150,Industrials,2022,0.11547280422746027,0.08721905962386493
0001699150,Industrials,2023,0.12062251225062957,0.08521732271247603
0001699150,Industrials,2024,0.13940874199765968,0.09429038942449726
0001699150,Industrials,2025,,
0001701605,Energy,2020,0.37362559494321845,0.2513294612346954
0001701605,Energy,2021,0.2902123444318763,0.2425795568954679
0001701605,Energy,2022,0.412398230451453,0.3128380944540277
0001701605,Energy,2023,0.38192318900436334,0.3344562150442083
0001701605,Energy,2024,0.36894637244814776,0.33636198702919695
0001701605,Energy,2025,,
0001705696,Real Estate,2018,0.026382695185598038,0.17473703109038496
0001705696,Real Estate,2019,0.056042255662850676,0.17063746454056458
0001705696,Real Estate,2020,0.049000393524462144,0.15348160465599667
0001705696,Real Estate,2021,0.04872631999266852,0.17264202276684604
0001705696,Real Estate,2022,0.06210958619349039,0.20696843723043654
0001705696,Real Estate,2023,0.11915725744598182,0.23339404252788637
0001705696,Real Estate,2024,0.1327111385677848,0.18588235803795627
0001705696,Real Estate,2025,,
0001707925,Materials,2019,0.10058551856541079,0.30026274602375397
0001707925,Materials,2020,0.10057871518016012,0.2931013366282001
0001707925,Materials,2021,0.11364892143435106,0.333284972726502
0001707925,Materials,2022,0.19350788972949498,0.4002741048878325
0001707925,Materials,2023,0.19588971795899446,0.36035503423578963
0001707925,Materials,2024,0.19403526985018543,0.3685419098579924
0001707925,Materials,2025,,
0001711269,Utilities,2019,0.3388368418090408,0.1354302763055069
0001711269,Utilities,2020,0.3091155439643365,0.13985660421311746
0001711269,Utilities,2021,0.2923841423412291,0.13988976325293148
0001711269,Utilities,2022,0.4224029311285556,0.14053262174046857
0001711269,Utilities,2023,0.4631392511694109,0.12614600286180752
0001711269,Utilities,2024,0.5046224757356922,0.12717903432676192
0001711269,Utilities,2025,,
0001725057,Industrials,2024,0.05465850361885365,0.3460256458394173
0001725057,Industrials,2025,,
0001730168,Information Technology,2018,0.049497342843645,0.15783385394768776
0001730168,Information Technology,2019,0.05316787753558184,0.1607088943783474
0001730168,Information Technology,2020,0.05088849932876603,0.14907730854989482
0001730168,Information Technology,2021,0.043217007341947306,0.17122844551180122
0001730168,Information Technology,2022,0.06318837593495225,0.21506668006969576
0001730168,Information Technology,2023,0.05690631367308335,0.22405754676357897
0001730168,Information Technology,2024,0.0518511926197091,0.21498758434882909
0001739940,Health Care,2020,0.007471338677700198,0.22522067411876903
0001739940,Health Care,2021,0.006278916060806345,0.1976617902725781
0001739940,Health Care,2022,0.01665933893381487,0.23790222333019562
0001739940,Health Care,2023,0.02067238130391398,0.25134219359376075
0001739940,Health Care,2024,0.028769586999345995,0.2913926090540269
0001739940,Health Care,2025,,
0001744489,Communication Services,2019,0.003217649110568538,0.03131495697053613
0001744489,Communication Services,2020,0.004167568217333815,0.06041824814518828
0001744489,Communication Services,2021,0.015873339812115323,0.056298590864917404
0001744489,Communication Services,2022,0.029841278060860475,0.06649466899270122
0001744489,Communication Services,2023,0.038856675177161085,0.06826433458561777
0001744489,Communication Services,2024,0.03590737959579966,0.10045770841131917
0001748790,Materials,2019,0.18747080800909047,0.40505787361920653
0001748790,Materials,2020,0.16812769970926614,0.2592410637827087
0001748790,Materials,2021,0.16556812778265625,0.2676734073148421
0001748790,Materials,2022,0.23743944668552153,0.2807363085797429
0001748790,Materials,2023,0.29640943497056366,0.28689414905613636
0001748790,Materials,2024,0.2838691624152595,0.33311809641880274
0001748790,Materials,2025,,
0001751008,Information Technology,2022,0.0006076547487793352,0.27080181696176414
0001751008,Information Technology,2023,0.002591359979320818,0.287042613606746
0001751008,Information Technology,2024,0.0032585384590762137,0.3070235814769114
0001751008,Information Technology,2025,,
0001751788,Materials,2020,0.20398567712299526,0.08371974870787778
0001751788,Materials,2021,0.1709432748458531,0.09233809478505511
0001751788,Materials,2022,0.4537157090654437,0.08869259802236494
0001751788,Materials,2023,0.5166008880708004,0.10865985944716049
0001751788,Materials,2024,0.5933302213788374,0.135677664333184
0001751788,Materials,2025,,
0001754301,Communication Services,2019,0.008089816593514881,0.20862573303514695
0001754301,Communication Services,2020,0.006823807789195041,0.1885303455968295
0001754301,Communication Services,2021,0.005636969755054109,0.18001082253885553
0001754301,Communication Services,2022,0.013973745470432286,0.22047023899447907
0001754301,Communication Services,2023,0.01308273911647429,0.23800965345132005
0001754301,Communication Services,2024,0.013021250563363907,0.19857959773355569
0001754301,Communication Services,2025,,
0001755672,Materials,2020,0.08915230131971046,0.07507883603682258
0001755672,Materials,2021,0.09779963331087241,0.09571447915389972
0001755672,Materials,2022,0.1620216268663047,0.10049156186375977
0001755672,Materials,2023,0.17620619308950983,0.10812558304608107
0001755672,Materials,2024,0.19060160779923707,0.11818504545268572
0001755672,Materials,2025,,
0001757898,Health Care,2019,0.070127067796755,0.3474990874898831
0001757898,Health Care,2020,0.08463126231448943,0.31628227774622214
0001757898,Health Care,2021,0.05665783612516379,0.2786419492642793
0001757898,Health Care,2022,0.09916914984716073,0.542309885932539
0001757898,Health Care,2023,0.1751118281531685,0.5635417889553541
0001757898,Health Care,2024,0.20062234749671276,0.6035438696059103
0001757898,Health Care,2025,,
0001781335,Industrials,2021,0.011042918425547481,0.2627828180776716
0001781335,Industrials,2022,0.04641571231618796,0.30137074503975453
0001781335,Industrials,2023,0.07979460566171313,0.3471841170537768
0001781335,Industrials,2024,0.09771189183558852,0.36134321028944993
0001781335,Industrials,2025,,
0001783180,Industrials,2021,0.07040697952544966,0.2726146411372624
0001783180,Industrials,2022,0.15221965309740354,0.2544907984128547
0001783180,Industrials,2023,0.1682222482399307,0.2934390253250702
0001783180,Industrials,2024,0.21699277576977627,0.2991266985405134
0001783180,Industrials,2025,,
0001783879,Financials,2022,0.0018871677808576554,0.2808429748352048
0001783879,Financials,2023,0.0023557748795676185,0.3385328152478041
0001783879,Financials,2024,0.025202888951278465,0.42599355877637907
0001783879,Financials,2025,,
0001792044,Health Care,2021,0.04497504956848417,0.17369943549056868
0001792044,Health Care,2022,0.0741782091062504,0.18846843679262462
0001792044,Health Care,2023,0.07660297717694356,0.18409448406040269
0001792044,Health Care,2024,0.09618070958013906,0.17554887101290628
0001792044,Health Care,2025,,
0001792789,Consumer Discretionary,2021,0.004203785254266988,0.21435227062330628
0001792789,Consumer Discretionary,2022,0.008254101094332182,0.24629152722523728
0001792789,Consumer Discretionary,2023,0.00902155714081976,0.2953590226778899
0001792789,Consumer Discretionary,2024,0.010755018273819424,0.3281055450791587
0001792789,Consumer Discretionary,2025,,
0001811074,Energy,2021,0.03282043184778747,0.30640640008421166
0001811074,Energy,2022,0.12732484163754057,0.4057305694193846
0001811074,Energy,2023,0.17133084765154347,0.30977212398191706
0001811074,Energy,2024,0.07639654599737837,0.4011463790691941
0001811074,Energy,2025,,
0001841666,Energy,2022,0.23379703328509405,0.11193921852387845
0001841666,Energy,2023,0.2703856873145734,0.11202013845185652
0001841666,Energy,2024,0.24026324747532055,0.12057188244638603
0001841666,Energy,2025,,
0001858681,Financials,2023,0.027338624336365525,0.21973990524772105
0001858681,Financials,2024,0.036637626015648773,0.24266745681980942
0001858681,Financials,2025,,
0001868275,Utilities,2022,0.6031028008133946,0.1518561570581373
0001868275,Utilities,2023,0.6082657550009906,0.09046328707908004
0001868275,Utilities,2024,0.6089943394978297,0.11374082473977119
0001868275,Utilities,2025,,
0001932393,Health Care,2023,0.052812227169559536,0.36305521753527553
0001932393,Health Care,2024,0.03683504245888589,0.41572467086612214
0001932393,Health Care,2025,,
0001944048,Consumer Staples,2024,0.08053927260382363,0.38413721601153983
0001944048,Consumer Staples,2025,,
0001964738,Health Care,2025,,
0001967680,Industrials,2024,0.10377844770985982,0.3760906095311894
0001967680,Industrials,2025,,
0001973266,Communication Services,2024,0.010591350319364319,0.3510998690352537
0001973266,Communication Services,2025,,
0001996810,Industrials,2025,,
0001996862,Consumer Staples,2024,0.11449747580490417,0.22355024576706262
0001996862,Consumer Staples,2025,,
0002005951,Materials,2025,,
0002012383,Financials,2025,,
